instance_index,topology_type,family,B,H,n_nodes,n_edges,J_star,allocation_spearman_centrality,allocation_efficiency_score,budget_concentration,budget_active
0,mesh_3x2,mesh,33.34,18,6,14,0.6406530152575756,0.5443310539518174,0.18818799586467364,0.0015888583907914258,True
1,sp_sp7,sp,13.41,12,9,12,0.9999846482406103,0.0,0.0,0.0,False
2,er_n7_p0.31,er,13.39,9,6,12,0.6086880427060715,0.0,0.0,0.0,False
3,er_n8_p0.3,er,11.2,14,4,5,0.9996466278487819,0.0,0.0,0.0,False
4,er_n6_p0.34,er,22.13,9,6,13,0.2318056751507598,0.21081851067789195,0.23529411764693595,0.2499999999998639,True
5,mesh_3x2,mesh,15.0,22,6,14,0.07665039743285154,0.5443310539518174,0.2083333333332215,0.24999999999984446,True
6,er_n8_p0.41,er,7.8,19,7,19,0.27199429358817206,0.6668859288553501,0.19222084743667245,0.12825198049149722,True
7,mesh_2x5,mesh,21.65,25,10,26,0.9996626443706527,0.3437200312981655,0.1726596348314655,0.11140947767866019,True
8,sp_sp4,sp,16.72,9,6,6,0.9999925913567557,0.0,0.0,0.0,False
9,mesh_2x3,mesh,14.89,23,6,14,0.21471568304619387,0.5443310539518174,0.20833333333321805,0.24999999999983058,True
10,er_n10_p0.44,er,11.63,8,10,49,0.003626365806158917,0.3233590907165799,0.15957109926302382,0.1166571114381742,True
11,sp_sp8,sp,7.01,6,10,14,0.0,0.0,0.0,0.0,False
12,mesh_3x3,mesh,19.32,25,9,24,0.4570086460459184,0.3965088288259146,0.10779166113342194,0.04539387744850371,True
13,sp_sp8,sp,29.58,8,10,12,0.9605311923010201,-0.21557272714438658,0.12301945281074199,0.1665451997981631,True
14,mesh_2x2,mesh,1.95,24,4,8,0.0,0.0,0.0,0.0,False
15,sp_sp8,sp,35.25,10,10,10,0.999999959347311,-0.5879447357921312,0.0,0.026977644099415873,True
16,er_n4_p0.38,er,11.9,6,4,4,0.9755950939166744,0.0,0.0,0.0,False
17,sp_sp6,sp,11.96,13,8,10,0.3359372773786676,0.0,0.0,0.0,False
18,mesh_2x2,mesh,2.86,25,4,8,0.8057844480293708,0.0,0.0,0.0,True
19,sp_sp2,sp,43.43,16,4,3,0.9281818127892888,0.0,0.0,0.0,False
20,mesh_3x3,mesh,23.46,15,9,24,0.9804577935532043,0.28068044571191997,0.15034366571389732,0.0787048622335134,True
21,mesh_3x2,mesh,14.14,25,6,14,0.5656027362835823,0.5443310539518174,0.2083333333332236,0.24999999999985278,True
22,mesh_3x3,mesh,11.25,22,9,24,0.5394303549850881,0.6172133998483676,0.3333333333329951,0.2259383723264379,True
23,sp_sp6,sp,26.5,19,8,9,0.6696818520849865,0.3388226069985336,0.11538402329814489,0.07645300118704894,True
24,sp_sp6,sp,6.88,10,8,9,0.0,0.0,0.0,0.0,False
25,sp_sp8,sp,14.37,6,10,13,0.9524125563257614,-0.24708686630294224,0.044925649932681465,0.07428881075613801,True
26,sp_sp7,sp,12.0,14,9,14,0.4353266876448868,0.0,0.0,0.0,False
27,sp_sp4,sp,20.36,15,6,6,0.999999959958804,0.0,0.0,0.0,False
28,er_n6_p0.34,er,12.09,7,6,10,0.6923924698672431,0.0,0.0,0.0,False
29,mesh_2x2,mesh,6.29,18,4,8,0.0,0.0,0.0,0.0,False
30,mesh_2x4,mesh,3.51,18,8,20,0.9889027737104175,0.7406560798180413,0.30543502341090045,0.17620275888141215,True
31,sp_sp5,sp,13.39,9,7,10,0.5971638448319144,0.4442616583193193,0.18518518518511248,0.1632993161854666,True
32,er_n6_p0.36,er,10.01,16,6,15,0.8450326857482107,0.0,0.0,0.0,False
33,sp_sp6,sp,0.85,18,8,12,0.0,0.0,0.0,0.0,False
34,mesh_2x3,mesh,7.68,22,6,14,0.0,0.0,0.0,0.0,False
35,mesh_3x2,mesh,9.07,16,6,14,0.9855424786459226,0.632455532033676,0.2785976985517865,0.2688963419443203,True
36,mesh_2x5,mesh,8.63,24,10,26,0.9583577219491934,0.30037570459305535,0.2466000244814931,0.13594228947974832,True
37,er_n6_p0.4,er,11.12,12,5,8,0.35614077762056373,0.5000000000000001,0.20833333333322915,0.23570226039539796,True
38,mesh_2x5,mesh,25.96,23,10,26,0.9999999993344074,0.024397501823713332,0.17436122256970377,0.16230878255432107,True
39,er_n4_p0.4,er,10.08,16,4,4,0.9996603598240424,0.0,0.0,0.0,False
40,sp_sp2,sp,4.23,16,4,5,0.0,0.0,0.0,0.0,False
41,sp_sp6,sp,24.12,12,8,8,0.9999979610434229,0.0,0.0,0.0,False
42,mesh_3x2,mesh,10.09,18,6,14,0.9997903319547212,0.316227766016838,0.3237019864813778,0.41137724831309136,True
43,sp_sp8,sp,27.16,20,10,13,0.9999999897769629,-0.23030726004361676,0.1410842493082809,0.3141745569125967,True
44,mesh_3x3,mesh,6.9,18,9,24,0.15476034766791863,0.32025630761017426,0.3333333333330029,0.226077104479865,True
45,sp_sp8,sp,34.6,19,10,12,0.9999999970128934,-0.5048298334850128,0.05833305867830682,0.2167944527007215,True
46,er_n6_p0.36,er,18.95,15,6,14,0.9999464492653513,0.0,0.0,0.0,False
47,mesh_3x4,mesh,14.62,15,12,34,0.5604959059134884,0.5666313615234706,0.13991857050826054,0.12525746671103735,True
48,mesh_3x3,mesh,6.63,25,9,24,0.0,0.0,0.0,0.0,False
49,sp_sp6,sp,21.44,10,8,8,0.8897166509621891,0.23904572186687875,0.1572112263336318,0.18638802121190673,True
50,sp_sp7,sp,10.54,12,9,12,0.2516784635336725,0.6614378277661478,0.14139118662555478,0.10909881088550076,True
51,mesh_3x3,mesh,9.92,15,9,24,0.728851192397947,-0.23904572186687872,0.17528227180038713,0.20869005391991952,True
52,er_n9_p0.3,er,7.16,16,9,22,0.7798428808197806,0.32727272727272727,0.269607843136847,0.22587697572588655,True
53,sp_sp6,sp,7.92,17,8,10,0.19944422384525384,-0.13093073414159545,0.0017377705811852876,0.008095360726728375,True
54,mesh_3x3,mesh,15.87,22,9,24,0.6157399044861056,0.03857583749052298,0.11916568982040555,0.08712982174592553,True
55,er_n5_p0.32,er,7.87,7,5,11,0.3107527377952304,0.8660254037844387,0.33333333333306225,0.23570877456265527,True
56,er_n12_p0.36,er,23.08,9,12,42,0.9993662869534361,-0.10004886391691559,0.21160546688190865,0.18576248617631638,True
57,mesh_4x3,mesh,52.41,17,12,34,0.9999986830487188,0.6737802297335519,0.22198154326609568,0.14887480490810828,True
58,er_n9_p0.34,er,3.96,8,9,24,0.5872153977727429,0.594618725379069,0.26168205839826836,0.22587733376888036,True
59,sp_sp4,sp,46.17,14,6,6,0.9934348964403271,0.0,0.0,0.0,False
60,er_n7_p0.34,er,6.1,17,6,10,0.6358739017665325,-0.9486832980505139,0.16499508978872943,0.2501005698642915,True
61,er_n9_p0.41,er,10.2,7,9,31,0.3873368778357916,0.14285714285714288,0.1354785834723686,0.13171431142230525,True
62,er_n7_p0.41,er,13.44,17,7,16,0.9996611868210985,-0.7071067811865475,0.0023644269066820196,0.032629091312211866,True
63,er_n8_p0.44,er,9.86,6,8,27,0.23443716573189266,0.6571428571428573,0.2165158876662867,0.12822895589570635,True
64,er_n4_p0.35,er,14.27,9,4,5,0.4642837825715947,0.0,0.0,0.0,False
65,mesh_2x5,mesh,6.38,17,10,26,0.0,0.0,0.0,0.0,False
66,mesh_3x3,mesh,7.06,23,9,24,0.0,0.0,0.0,0.0,False
67,sp_sp6,sp,48.33,17,8,9,0.9885041586382167,-0.21251185925162072,0.08776660654684208,0.1921319933928094,True
68,mesh_2x4,mesh,3.64,23,8,20,0.0,0.0,0.0,0.0,False
69,er_n6_p0.39,er,29.08,17,6,13,0.9999999999291862,0.0,0.0,0.0,False
70,er_n6_p0.44,er,17.28,11,5,9,0.9980644649552628,0.0,0.0,0.0,False
71,er_n10_p0.31,er,17.59,17,10,30,0.8685313697230029,0.6904761904761906,0.16201059470490667,0.1251011107914017,True
72,mesh_3x2,mesh,13.98,20,6,14,0.996421141514899,0.7745966692414834,0.20887378525042133,0.2500046733666907,True
73,er_n8_p0.38,er,45.33,20,6,11,0.9999977439850651,0.0,0.0,0.0,False
74,mesh_3x2,mesh,3.97,20,6,14,0.0,0.0,0.0,0.0,False
75,er_n8_p0.37,er,26.42,19,8,19,0.982994196375873,0.0,0.0,0.0,False
76,sp_sp5,sp,6.88,15,7,9,0.0,0.0,0.0,0.0,False
77,er_n10_p0.35,er,11.66,17,9,22,0.06524330478508775,-0.1785714285714286,0.07566283401472425,0.08838466328437562,True
78,sp_sp6,sp,8.4,19,8,10,0.6678059420259149,0.21251185925162072,0.20045779918994922,0.19471127600604501,True
79,sp_sp6,sp,4.23,12,8,11,0.0,0.0,0.0,0.0,False
80,mesh_2x3,mesh,12.84,15,6,14,0.18662002440964734,0.5443310539518174,0.20833333333321805,0.24999999999983058,True
81,mesh_3x3,mesh,12.29,22,9,24,0.957576987080786,0.24325638628366394,0.14848609015029324,0.12616157913234335,True
82,sp_sp3,sp,1.52,6,5,6,0.847417663230712,0.0,0.0,0.0,False
83,mesh_3x3,mesh,17.55,25,9,24,0.9999999939031412,0.3742405942825599,0.11309447207271794,0.09991491184639018,True
84,er_n5_p0.37,er,4.12,13,5,9,0.9999966103842854,0.0,0.0,0.0,False
85,mesh_2x4,mesh,32.99,16,8,20,0.6459205076258987,0.23483410915693106,0.197183098591458,0.23570226039522527,True
86,sp_sp5,sp,7.77,5,7,9,0.04910494291280612,0.35909242322980395,0.1919601061626821,0.14211249783889843,True
87,er_n6_p0.4,er,12.98,7,6,12,0.9555362378127683,0.3333333333333333,0.027190909426843223,0.035322027473472,True
88,er_n8_p0.33,er,25.16,5,7,16,0.9369078714229396,0.0,0.0,0.0,False
89,sp_sp6,sp,19.41,8,8,10,0.5672890120481364,0.6617647058823529,0.19708325873764407,0.17214587800550712,True
90,er_n9_p0.33,er,9.99,19,8,17,0.9961802255277676,0.27322953332351235,0.06578693597265485,0.06690425868853951,True
91,er_n8_p0.39,er,14.33,15,8,22,0.9697393868321922,0.0,0.0,0.0,False
92,mesh_2x5,mesh,11.72,18,10,26,0.9933882575018417,0.4173743237192009,0.20943296978837989,0.1877675771515042,True
93,mesh_2x5,mesh,18.21,18,10,26,0.9833833432585182,0.3396097123883724,0.15005875643278355,0.12650219032001897,True
94,mesh_2x5,mesh,6.18,21,10,26,0.0,0.0,0.0,0.0,False
95,er_n5_p0.35,er,2.2,12,5,8,0.9225651735563034,0.0,0.0,0.0,False
96,mesh_2x4,mesh,7.31,23,8,20,0.0,0.0,0.0,0.0,False
97,er_n4_p0.33,er,2.2,7,3,3,0.8677569905516525,0.0,0.0,0.0,False
98,sp_sp2,sp,29.11,12,4,4,0.9115567529960432,0.0,0.0,0.0,False
99,er_n6_p0.39,er,8.81,10,6,10,0.7183215989036882,0.316227766016838,0.14740503646997735,0.1715549303619236,True
100,sp_sp7,sp,39.87,19,9,10,0.9999999999777058,0.0,0.0,0.0,False
101,sp_sp7,sp,21.17,19,9,11,0.9999714060168347,0.0,0.0,0.0,False
102,mesh_2x3,mesh,1.45,23,6,14,0.6994334662710713,0.7745966692414834,0.20884097069330235,0.25000412309531356,True
103,er_n11_p0.37,er,9.52,12,11,39,0.6473474675139641,0.5499999999999999,0.1539391202560332,0.10856154723531007,True
104,er_n8_p0.37,er,14.15,6,8,20,0.18236618470589022,0.0,0.0,0.0,False
105,er_n8_p0.3,er,23.06,15,8,18,0.9982565407185628,-0.3768511731740915,0.16361167636567658,0.13812838427502977,True
106,sp_sp5,sp,27.77,16,7,10,0.9324372461278014,0.0,0.0,0.0,False
107,sp_sp7,sp,11.97,15,9,12,0.9171578894167228,0.15954480704349314,0.06735551743393477,0.059211479000269435,True
108,sp_sp5,sp,15.22,16,7,9,0.6258370374488994,0.8207826816681234,0.20679944594450983,0.17046339543849962,True
109,sp_sp3,sp,27.83,12,5,4,0.9999931730222931,0.0,0.0,0.0,False
110,mesh_2x4,mesh,3.78,23,8,20,0.545301352656919,-0.2970442628930023,0.19927767552018372,0.23574409563978002,True
111,mesh_2x5,mesh,13.34,20,10,26,0.2063884189449583,0.528814613424173,0.29698857736156986,0.2165063509452963,True
112,sp_sp9,sp,61.74,14,11,15,0.9996568856875003,0.0,0.0,0.0,False
113,er_n8_p0.33,er,22.11,13,8,24,0.42462168456385296,0.942857142857143,0.18520600331497658,0.1276912974174158,True
114,sp_sp5,sp,5.35,8,7,8,0.0,0.0,0.0,0.0,False
115,mesh_2x2,mesh,3.78,20,4,8,0.0,0.0,0.0,0.0,False
116,er_n7_p0.41,er,7.24,16,7,17,0.3819660358704774,-0.051298917604257706,0.19008965774057285,0.24501418519877446,True
117,mesh_2x5,mesh,3.68,17,10,26,0.0,0.0,0.0,0.0,False
118,mesh_3x2,mesh,10.53,15,6,14,0.2711200135926889,0.7745966692414834,0.21013982511685825,0.25005220914920373,True
119,sp_sp2,sp,14.51,9,4,3,0.5714773169279193,0.0,0.0,0.0,False
120,sp_sp5,sp,26.08,7,7,7,0.97764294514263,0.0,0.0,0.0,False
121,sp_sp2,sp,2.92,8,4,3,0.9839210416344549,0.0,0.0,0.0,False
122,mesh_3x3,mesh,5.29,17,9,24,0.0,0.0,0.0,0.0,False
123,er_n7_p0.45,er,10.19,6,7,20,0.9673730024114572,0.0,0.0,0.0,False
124,mesh_2x2,mesh,6.57,17,4,8,0.0,0.0,0.0,0.0,False
125,er_n7_p0.4,er,7.03,6,5,6,0.7833242966308593,0.0,0.0,0.0,False
126,mesh_2x4,mesh,13.42,23,8,20,0.9999878988927806,0.6172133998483678,0.33286930941514203,0.35877584036237475,True
127,er_n10_p0.3,er,34.32,11,10,26,0.9294022363647401,0.0,0.0,0.0,False
128,er_n9_p0.35,er,40.79,16,8,23,0.769015004390722,0.11764705882352942,0.20416666666628183,0.23570226039489553,True
129,mesh_2x4,mesh,10.13,18,8,20,0.10488910688721498,-0.2927700218845599,0.19900198544052985,0.235733808300187,True
130,sp_sp5,sp,7.41,18,7,9,0.9986053331822466,0.0,0.0,0.0,False
131,sp_sp2,sp,0.63,12,4,5,0.0,0.0,0.0,0.0,False
132,mesh_2x5,mesh,7.9,17,10,26,0.5134093903735428,0.6007514091861107,0.29584672672668816,0.21664877116280556,True
133,er_n8_p0.31,er,10.99,18,7,15,0.5380668143679842,0.0,0.0,0.0,False
134,sp_sp8,sp,9.88,15,10,12,0.18076555475970696,0.8224729320348959,0.21856361610449307,0.11122446702066617,True
135,mesh_2x3,mesh,28.96,15,6,14,0.31657173146500356,0.5773502691896257,0.20833333333322915,0.249999999999875,True
136,mesh_3x3,mesh,26.19,23,9,24,0.6226983208058874,0.33166247903553997,0.17847341709558126,0.2094228611069738,True
137,er_n7_p0.41,er,9.25,20,7,17,0.28456880925576916,0.6668859288553501,0.2604531370800582,0.16341236323649297,True
138,er_n8_p0.33,er,13.56,17,8,20,0.7485650427650514,0.0,0.0,0.0,False
139,mesh_3x3,mesh,2.01,23,9,24,0.9935910185819936,0.5800729211379677,0.1588309770767605,0.2992138927379625,True
140,mesh_2x5,mesh,27.64,20,10,26,0.9999995359268206,-0.024397501823713332,0.16673656110801452,0.18134200393028452,True
141,sp_sp5,sp,8.51,8,7,8,0.37855229528457046,-0.44721359549995787,0.13811406435300344,0.07550738165072193,True
142,er_n9_p0.37,er,11.42,12,9,30,0.48120117907308235,0.7500000000000002,0.18462215924649258,0.13097861797906715,True
143,sp_sp2,sp,18.71,12,4,3,0.9998700948682067,0.0,0.0,0.0,False
144,sp_sp5,sp,20.5,18,7,7,0.9999988216339745,-0.8603090020146066,0.07407407136875166,0.24494901908188674,True
145,mesh_3x2,mesh,7.86,18,6,14,0.9990613462556204,0.316227766016838,0.3084684051050556,0.38033172688247235,True
146,sp_sp5,sp,5.55,11,7,9,0.0,0.0,0.0,0.0,False
147,er_n6_p0.43,er,10.01,20,6,11,0.9996876754188533,-0.316227766016838,0.15131042439612763,0.4291145529731761,True
148,mesh_3x4,mesh,8.74,16,12,34,0.12479660041451021,-0.3025210128521264,0.14654758943231022,0.20001670059976018,True
149,sp_sp4,sp,11.27,10,6,7,0.8272213016013882,0.0,0.0,0.0,False
150,mesh_3x3,mesh,9.7,19,9,24,0.07939725354478683,0.19641855032959654,0.33333333333308696,0.22587697572611212,True
151,mesh_3x3,mesh,19.31,25,9,24,0.9999782578304266,0.41166465371081584,0.15784752882735165,0.2057903153698427,True
152,er_n7_p0.35,er,30.39,5,5,11,0.29266288877042657,0.8660254037844387,0.2499999999998688,0.23570226039536657,True
153,er_n5_p0.4,er,11.15,6,5,5,0.9756209114231454,0.0,0.0,0.0,False
154,er_n4_p0.35,er,26.08,11,3,2,0.3904114302759058,0.0,0.0,0.0,False
155,er_n4_p0.3,er,22.56,10,4,5,0.9705182506064797,0.0,0.0,0.0,False
156,mesh_3x3,mesh,4.08,17,9,24,0.9996971781288368,0.7671932182792478,0.22046375009523148,0.16709122370437013,True
157,mesh_2x3,mesh,11.79,21,6,14,0.5648705239094283,0.5773502691896257,0.20833333333322915,0.249999999999875,True
158,mesh_2x2,mesh,6.85,19,4,8,0.0,0.0,0.0,0.0,False
159,er_n7_p0.42,er,11.91,6,7,17,0.5219540406124245,0.09999999999999999,0.16903429673100023,0.13158091940286246,True
160,sp_sp6,sp,12.65,5,8,10,0.94329999388752,-0.13483997249264842,0.004190026356352226,0.05621510256191601,True
161,sp_sp4,sp,9.63,17,6,8,0.9993737105444702,-0.7745966692414834,0.006797727356710806,0.035322027473472,True
162,mesh_3x3,mesh,2.18,24,9,24,0.0,0.0,0.0,0.0,False
163,er_n10_p0.33,er,8.55,10,10,36,0.09280669872988888,0.19047619047619052,0.1465754261575694,0.08455945655442197,True
164,mesh_2x5,mesh,15.94,21,10,26,0.999637954870201,0.4217173561228949,0.14868242670425527,0.1688804314421197,True
165,er_n9_p0.35,er,13.62,8,9,27,0.17453814054331895,0.5929994533288809,0.13186505142731234,0.13731887968391898,True
166,mesh_2x4,mesh,7.82,22,8,20,0.6201913693927359,-0.401188709901439,0.19614628464635633,0.23571251173050872,True
167,er_n6_p0.42,er,6.71,13,6,15,0.9930944723182569,0.0,0.0,0.0,False
168,sp_sp6,sp,18.66,7,8,11,0.9962523429712067,0.0,0.0,0.0,False
169,sp_sp2,sp,39.15,11,4,3,0.9255135170233824,0.0,0.0,0.0,False
170,er_n6_p0.42,er,11.57,20,5,9,0.9280201824871778,0.0,0.0,0.0,True
171,er_n10_p0.33,er,20.0,11,10,30,0.31399776865304885,0.04761904761904763,0.10943030924468601,0.09946061702255263,True
172,sp_sp2,sp,18.54,13,4,4,0.9929844178319969,0.0,0.0,0.0,False
173,sp_sp8,sp,48.74,12,10,11,0.9999999454024384,0.0,0.0,0.0,False
174,er_n4_p0.32,er,11.0,14,3,2,0.7603218165898746,0.0,0.0,0.0,False
175,mesh_3x3,mesh,5.17,23,9,24,0.0,0.0,0.0,0.0,False
176,mesh_2x5,mesh,14.18,21,10,26,0.6319076275868436,0.7718402554281193,0.2969885773608069,0.2165063509439246,True
177,sp_sp7,sp,15.44,18,9,11,0.0,0.0,0.0,0.0,False
178,er_n7_p0.32,er,23.38,6,7,11,0.9843568740573782,0.0,0.0,0.0,False
179,sp_sp8,sp,17.01,15,10,12,0.9823377409036571,-0.018294043331615058,0.12268065447360327,0.297023450949048,True
180,mesh_2x4,mesh,16.68,21,8,20,0.9999904226947011,0.7406560798180413,0.32376645784718777,0.17636289072469777,True
181,mesh_2x4,mesh,18.19,16,8,20,0.8265077459268433,0.6172133998483678,0.19152347214097343,0.1185637088242441,True
182,mesh_2x5,mesh,5.32,18,10,26,0.0,0.0,0.0,0.0,False
183,mesh_3x3,mesh,4.28,23,9,24,0.0,0.0,0.0,0.0,False
184,er_n7_p0.36,er,17.16,10,6,14,0.9343361121320859,-0.316227766016838,0.22434271843180378,0.2500045596050076,True
185,er_n5_p0.33,er,31.89,6,5,9,0.7237888485496089,0.0,0.0,0.0,False
186,mesh_3x4,mesh,17.25,16,12,34,0.5475374396346013,0.31273097002115047,0.11082637635560084,0.09083016047533854,True
187,sp_sp8,sp,20.75,15,10,13,0.9999970594472918,0.0,0.0,0.0,False
188,mesh_3x4,mesh,29.61,19,12,34,0.5080392383597437,0.5015501596686753,0.10118767259169416,0.05303445944215406,True
189,er_n5_p0.32,er,1.59,19,5,6,0.9889219566319576,0.0,0.04369006536255227,0.12357416595337686,True
190,er_n5_p0.41,er,10.67,7,5,9,0.961571278863623,-1.0,0.1316420998548328,0.23592968381657226,True
191,mesh_2x3,mesh,5.68,17,6,14,0.0,0.0,0.0,0.0,False
192,er_n10_p0.43,er,11.52,7,10,40,0.3194915883443926,0.45509797952703834,0.21856158484039578,0.21650635094566667,True
193,sp_sp3,sp,4.74,7,5,5,0.0,0.0,0.0,0.0,False
194,er_n6_p0.3,er,25.02,8,6,10,0.4158923596952405,0.0,0.0,0.0,False
195,mesh_2x4,mesh,12.34,25,8,20,0.7974825621673924,0.49377071987869414,0.19028605891297612,0.12207738238691315,True
196,er_n6_p0.34,er,7.3,18,6,10,0.8130914968716988,0.5000000000000001,0.320334805950778,0.25004819460344724,True
197,mesh_3x3,mesh,9.27,20,9,24,0.12776133008709195,0.4183300132670378,0.18573399971920768,0.2195808630000667,True
198,er_n6_p0.4,er,11.44,18,6,12,0.9992862906778809,0.7999999999999999,0.2923822751704503,0.23345786546480865,True
199,mesh_2x4,mesh,5.91,18,8,20,0.0,0.0,0.0,0.0,False
200,er_n7_p0.34,er,8.13,10,6,13,0.8625998257010276,-0.39999999999999997,0.1552117020656479,0.14839213750575234,True
201,er_n5_p0.39,er,6.72,20,4,8,0.999384028033435,0.0,0.0,0.0,False
202,er_n8_p0.31,er,22.04,16,8,19,0.9999671280220566,0.20291986247835694,0.1925208659463882,0.24473193126571843,True
203,er_n8_p0.38,er,17.35,17,8,23,0.9999683743500564,0.6957252427829381,0.21332067838118637,0.1799699557637133,True
204,sp_sp5,sp,9.38,16,7,8,0.9865260870499267,0.0,0.0,0.0,False
205,sp_sp6,sp,4.92,7,8,10,0.0,0.0,0.0,0.0,False
206,mesh_2x4,mesh,5.48,21,8,20,0.0,0.0,0.0,0.0,False
207,sp_sp6,sp,3.75,19,8,10,0.0,0.0,0.0,0.0,False
208,sp_sp3,sp,4.72,14,5,7,0.0,0.0,0.0,0.0,False
209,sp_sp2,sp,19.59,16,4,3,0.9908193996380876,0.0,0.0,0.0,False
210,sp_sp6,sp,6.16,14,8,12,0.0,0.0,0.0,0.0,False
211,mesh_2x5,mesh,22.57,17,10,26,0.9944976685659837,0.10072659303317581,0.24087753858412653,0.2851993603359123,True
212,mesh_3x3,mesh,1.15,23,9,24,0.7497451484957076,0.21673036171575272,0.18131960593070218,0.19662613084793898,True
213,mesh_3x3,mesh,14.01,22,9,24,0.9999998983303784,0.46291004988627577,0.16406200195933957,0.13353038891161104,True
214,sp_sp9,sp,14.13,20,11,14,0.8008713421128133,-0.08474880603015357,0.04631235953908503,0.11488598819662771,True
215,er_n12_p0.42,er,7.72,12,12,57,0.040921096828020274,-0.2735574946560291,0.03536671515477625,0.07608276665789265,True
216,sp_sp4,sp,15.18,9,6,7,0.9059547082182641,0.0,0.0,0.0,False
217,mesh_3x4,mesh,3.6,21,12,34,0.834152756126041,0.6062618411672228,0.16696520632949022,0.12209469115674337,True
218,er_n9_p0.34,er,9.27,13,9,25,0.6143553743820138,0.3214285714285715,0.13695690003531574,0.12605574337767853,True
219,sp_sp3,sp,6.65,20,5,6,0.3591194436333212,-0.8660254037844387,0.0,0.1271372016339906,True
220,er_n10_p0.31,er,9.52,20,8,16,0.9521520564949498,0.0,0.0,0.0,False
221,er_n7_p0.33,er,12.39,14,7,19,0.30208128128171635,0.7999999999999999,0.21453258027699237,0.10704495399119827,True
222,sp_sp5,sp,30.44,13,7,9,0.8897087007111071,0.9733285267845753,0.1813736765940512,0.16742098186071794,True
223,er_n8_p0.36,er,12.64,20,8,20,0.5933894292271354,0.1878672873255449,0.16190476190459976,0.23570226039520956,True
224,sp_sp4,sp,3.98,20,6,9,0.0,0.0,0.0,0.0,False
225,mesh_2x5,mesh,4.16,19,10,26,0.0,0.0,0.0,0.0,False
226,er_n5_p0.43,er,30.28,12,5,6,0.9767186305060236,0.0,0.0,0.0,False
227,mesh_2x5,mesh,4.09,23,10,26,0.0,0.0,0.0,0.0,False
228,er_n4_p0.36,er,12.07,9,3,3,0.9755813356668138,0.0,0.0,0.0,False
229,er_n9_p0.38,er,9.1,14,9,27,0.3734110601626478,0.9285714285714288,0.20720654321083012,0.10380078577519512,True
230,sp_sp6,sp,27.34,19,8,8,0.9999997512286883,0.0,0.0,0.0,False
231,sp_sp4,sp,23.07,16,6,7,0.9996870748466484,-0.5443310539518174,0.0,0.035322027473472,True
232,er_n4_p0.38,er,9.88,13,4,6,0.9908372441346376,0.0,0.0,0.0,False
233,sp_sp10,sp,48.33,11,12,13,0.9999994165837525,-0.49896444486694574,0.12950807683018747,0.21913213730232942,True
234,er_n8_p0.38,er,11.45,15,5,9,0.9976468644925822,0.0,0.0,0.0,False
235,mesh_3x3,mesh,7.33,25,9,24,0.0,0.0,0.0,0.0,False
236,mesh_2x2,mesh,1.47,19,4,8,0.0,0.0,0.0,0.0,False
237,er_n11_p0.42,er,2.66,14,11,50,0.9561551673704348,0.7364081197050363,0.15422104251116797,0.10531733424080561,True
238,sp_sp6,sp,14.29,9,8,9,0.9991766627990052,0.0,0.0,0.0,False
239,er_n9_p0.42,er,13.12,9,9,29,0.2818591504881235,0.6486749731408026,0.19097516653823018,0.1078252800361137,True
240,er_n7_p0.42,er,8.93,11,7,19,0.16379225098275665,0.3,0.13328490830245948,0.059144810311540154,True
241,er_n5_p0.31,er,18.54,16,4,4,0.9665575298866059,0.0,0.0,0.0,False
242,er_n7_p0.39,er,8.44,16,4,5,0.9996603598240424,0.0,0.0,0.0,False
243,er_n12_p0.37,er,12.52,17,12,40,0.9994700161498988,0.8267515394048879,0.309302524936101,0.2930149777647606,True
244,er_n6_p0.38,er,3.78,17,5,9,0.9928166477459555,0.0,0.0,0.0,False
245,mesh_2x4,mesh,1.76,23,8,20,0.9999709346662082,0.48795003647426655,0.23841370595866054,0.19350068030836054,True
246,sp_sp4,sp,11.25,13,6,9,0.9983459991319086,0.0,0.0,0.0,False
247,mesh_3x3,mesh,7.23,19,9,24,0.0,0.0,0.0,0.0,False
248,mesh_2x5,mesh,2.81,24,10,26,0.49865066904496885,0.8347486474384018,0.2970318520348653,0.21650655557256587,True
249,sp_sp5,sp,7.45,9,7,9,0.0,0.0,0.0,0.0,False
250,sp_sp5,sp,7.26,19,7,8,0.0,0.0,0.0,0.0,False
251,mesh_2x4,mesh,6.09,16,8,20,0.0,0.0,0.0,0.0,False
252,sp_sp10,sp,4.25,14,12,15,0.9999792029108886,0.0,0.0,0.0,False
253,mesh_3x4,mesh,6.22,24,12,34,0.0,0.0,0.0,0.0,False
254,sp_sp4,sp,21.72,16,6,6,0.7268528353532161,0.0,0.0,0.0,True
255,er_n7_p0.34,er,10.41,18,7,17,0.9999999368048299,0.0,0.0,0.0,False
256,sp_sp6,sp,12.06,18,8,10,0.9998461736693606,-0.6956083436402525,0.0,0.05621510256191601,True
257,er_n6_p0.35,er,15.07,13,4,7,0.08235456535881652,0.0,0.0,0.0,True
258,sp_sp6,sp,32.97,14,8,8,0.999986203947317,0.0,0.0,0.0,False
259,er_n7_p0.37,er,8.56,16,6,11,0.9954378307975784,0.0,0.01915440620046732,0.06531604680829278,True
260,er_n9_p0.32,er,8.68,14,9,30,0.9991789854048831,0.0,0.0,0.0,False
261,er_n7_p0.33,er,11.22,20,7,12,0.5713204156501474,0.3,0.15194082208730725,0.16655784250697883,True
262,er_n5_p0.35,er,31.65,15,3,3,0.9869013280525811,0.0,0.0,0.0,False
263,mesh_2x4,mesh,14.48,22,8,20,0.9995794434131269,0.31311214554257477,0.3300679471571131,0.36651977686820625,True
264,er_n6_p0.42,er,14.24,17,6,15,0.34379752730071683,1.0,0.3333333333332012,0.14433756729734923,True
265,mesh_4x3,mesh,12.14,16,12,34,0.3157034113221067,0.5291886718425708,0.15196248386529868,0.12417717428261911,True
266,sp_sp5,sp,20.31,10,7,8,0.9999782388960216,-0.22360679774997896,0.1259809758947224,0.2449992554665703,True
267,er_n8_p0.3,er,32.32,18,7,14,0.9999999418025636,-0.11180339887498948,0.11847039230502572,0.2449661986971864,True
268,er_n8_p0.42,er,12.22,15,8,27,0.9962321732117423,0.7714285714285715,0.18022523614704142,0.16217180254491814,True
269,mesh_2x5,mesh,21.69,18,10,26,0.9994529908819548,0.17186001564908274,0.1985849203467088,0.10947348888855896,True
270,er_n9_p0.38,er,7.64,18,9,25,0.026223223242730062,0.610785564835303,0.22609758597117005,0.22592371507301298,True
271,sp_sp4,sp,6.58,10,6,8,0.0,0.0,0.0,0.0,False
272,sp_sp3,sp,16.4,20,5,4,0.9999676500419497,0.0,0.0,0.0,False
273,er_n10_p0.35,er,14.53,19,10,33,0.3046414535204992,-0.6428571428571429,0.07383874903166791,0.1323698342977983,True
274,er_n6_p0.41,er,1.69,11,6,16,0.31878818293625855,0.7999999999999999,0.27792593224422907,0.2500017779219189,True
275,mesh_2x5,mesh,2.02,17,10,26,0.9998384615231983,0.13503286943856502,0.15088241159706575,0.12775571211553322,True
276,mesh_2x4,mesh,3.89,15,8,20,0.0,0.0,0.0,0.0,False
277,mesh_2x4,mesh,24.45,23,8,20,0.9999949486993877,0.27774602993176545,0.23955739904922427,0.15815046088886325,True
278,sp_sp6,sp,11.93,14,8,12,0.0691297055439404,0.3235294117647059,0.19791666666654986,0.23570226039535871,True
279,er_n5_p0.43,er,7.94,5,3,4,0.4722680832,0.0,0.0,0.0,False
280,er_n7_p0.37,er,10.4,11,7,13,0.9426123228833468,0.0,0.0,0.0,False
281,er_n5_p0.43,er,18.42,17,4,7,0.999844692433605,0.0,0.0,0.0,False
282,mesh_2x4,mesh,9.08,23,8,20,0.4693911579147024,0.1118033988749895,0.1971830985914507,0.23570226039539796,True
283,sp_sp7,sp,5.6,8,9,12,0.0,0.0,0.0,0.0,False
284,er_n6_p0.43,er,11.18,10,6,19,0.9999045682797987,0.0,0.0,0.0,False
285,mesh_3x2,mesh,5.69,23,6,14,0.0,0.0,0.0,0.0,False
286,sp_sp10,sp,33.42,14,12,14,0.9999999999999998,0.0,0.0,0.0,False
287,mesh_2x3,mesh,35.78,19,6,14,0.8095888425920853,-0.5000000000000001,0.196628048770622,0.2142431543496038,True
288,sp_sp3,sp,3.98,6,5,7,0.0,0.0,0.0,0.0,False
289,mesh_2x4,mesh,9.92,18,8,20,0.6795809508278275,0.8261843893231646,0.33333333333309045,0.23571854392618807,True
290,sp_sp9,sp,43.96,9,11,13,0.9999841582586807,-0.7254513097032709,0.03444103767354043,0.20424985924380246,True
291,er_n5_p0.35,er,17.09,7,5,6,0.9238246599839532,0.0,0.0,0.0,False
292,sp_sp4,sp,6.89,16,6,8,0.0,0.0,0.0,0.0,False
293,er_n6_p0.35,er,9.05,20,5,8,0.914944225278826,0.5,0.2082204334381267,0.23570254881290384,True
294,sp_sp6,sp,26.8,16,8,10,0.31085117581844346,0.0,0.0,0.0,False
295,er_n8_p0.35,er,20.85,12,8,16,0.9998294276174942,0.0,0.0,0.0,False
296,mesh_3x4,mesh,10.38,17,12,34,0.999531705223073,0.37310438707059995,0.16606521142806502,0.26494669160471174,True
297,er_n9_p0.41,er,14.11,15,9,36,0.014489465188890872,-0.21428571428571433,0.12709751447900972,0.10950920629199333,True
298,er_n11_p0.35,er,13.05,5,11,36,0.9954298588412047,-0.27386127875258304,0.007792686427345039,0.025635835256466753,True
299,mesh_2x4,mesh,11.53,17,8,20,0.0,0.0,0.0,0.0,False
300,sp_sp4,sp,13.73,8,6,7,0.6979872960508556,0.0,0.0,0.0,False
301,er_n6_p0.36,er,13.24,18,4,5,0.9998461736693607,0.0,0.0,0.0,False
302,sp_sp6,sp,17.39,6,8,9,0.9424063288937873,-0.7503664793768668,0.14999999999934263,0.23578467597207967,True
303,mesh_3x3,mesh,14.48,23,9,24,0.9064252648879901,0.3368165348543039,0.15967549639429843,0.1036288737222944,True
304,er_n4_p0.43,er,9.51,20,4,6,0.07292870042723908,0.0,0.0,0.0,True
305,mesh_2x5,mesh,1.58,16,10,26,0.9630880323602622,-0.554257096618662,0.15036055716757013,0.21650637944847276,True
306,mesh_2x5,mesh,11.89,19,10,26,0.0,0.0,0.0,0.0,False
307,er_n9_p0.32,er,10.82,6,9,25,0.1356315509446411,0.0,0.0,0.0,False
308,sp_sp6,sp,16.48,20,8,9,0.9996275006688344,0.6473388749701496,0.2797070316404611,0.2287453784012141,True
309,mesh_3x2,mesh,12.12,21,6,14,0.17055122530305622,0.2581988897471611,0.20803598683305766,0.2500014146348496,True
310,sp_sp5,sp,8.08,19,7,8,0.9999922803718189,-0.6708203932499368,0.171012511900431,0.16465631951403822,True
311,er_n7_p0.36,er,19.34,13,7,12,0.5401512746334152,-0.36842105263157904,0.13937669189475452,0.16433415947709823,True
312,er_n10_p0.4,er,15.2,5,10,43,0.18731152438310583,0.523809523809524,0.11049094061820129,0.10722896100869185,True
313,mesh_2x2,mesh,4.83,25,4,8,0.0,0.0,0.0,0.0,False
314,sp_sp6,sp,11.84,14,8,7,0.9999999999993231,0.0,0.0,0.0,False
315,mesh_3x2,mesh,4.65,25,6,14,0.0,0.0,0.0,0.0,False
316,mesh_3x3,mesh,10.08,16,9,24,0.4692136293809589,-0.23904572186687872,0.18350720806941245,0.22098342813119393,True
317,sp_sp2,sp,17.68,8,4,3,0.9928367983005028,0.0,0.0,0.0,False
318,er_n5_p0.33,er,15.99,8,4,4,0.9566835298179546,0.0,0.0,0.0,False
319,mesh_2x4,mesh,14.22,15,8,20,0.8747590994976471,0.5949130765308921,0.20502129348642514,0.12562582017630675,True
320,sp_sp2,sp,14.64,12,4,4,0.9323042581640205,0.0,0.0,0.0,False
321,mesh_2x3,mesh,21.08,20,6,14,0.9149233630961013,0.632455532033676,0.19434185697823267,0.03273188587680854,True
322,er_n10_p0.38,er,1.16,12,9,28,0.75187172504908,-0.42857142857142866,0.09514483184884452,0.14193400958408822,True
323,mesh_3x4,mesh,4.81,17,12,34,0.0,0.0,0.0,0.0,False
324,sp_sp5,sp,10.09,12,7,7,0.9312794924647625,0.0,0.0,0.0,False
325,er_n6_p0.34,er,7.92,13,6,13,0.6451147927981025,0.9486832980505139,0.17984708292451643,0.14790431405904664,True
326,er_n6_p0.31,er,11.57,19,5,6,0.9993907211953263,0.0,0.0,0.0,False
327,er_n6_p0.42,er,12.24,9,5,11,0.07590691809469396,1.0,0.21258295079095915,0.013995012802301438,True
328,mesh_2x5,mesh,1.52,24,10,26,0.0,0.0,0.0,0.0,False
329,sp_sp2,sp,6.44,15,4,4,0.0,0.0,0.0,0.0,False
330,er_n6_p0.38,er,12.79,16,5,9,0.9927456680362157,0.0,0.0,0.0,False
331,er_n11_p0.37,er,14.72,15,11,37,0.09977272063166409,0.7004281759626618,0.21554981858097003,0.1662284984057759,True
332,er_n8_p0.33,er,8.89,6,8,21,0.049219856224482356,0.3714285714285715,0.18286327734138139,0.23570227341881186,True
333,mesh_3x2,mesh,0.91,16,6,14,0.0,0.0,0.0,0.0,False
334,mesh_3x4,mesh,27.52,15,12,34,0.26108054210524007,0.734375,0.1825106796771648,0.1317766311926273,True
335,mesh_2x2,mesh,5.86,24,4,8,0.0,0.0,0.0,0.0,False
336,mesh_2x2,mesh,9.9,22,4,8,0.7859649550858646,0.0,0.0,0.0,True
337,er_n6_p0.37,er,7.92,13,5,10,0.384959359171901,-1.0,0.0824882226378686,0.23580324360500934,True
338,sp_sp2,sp,4.25,18,4,4,0.0,0.0,0.0,0.0,False
339,sp_sp5,sp,30.36,19,7,7,0.9999999792293179,0.0,0.0,0.0,False
340,sp_sp2,sp,13.8,9,4,4,0.9864629134537367,0.0,0.0,0.0,False
341,mesh_4x3,mesh,11.29,24,12,34,0.2433683322767996,0.18433610058748118,0.1755846925665446,0.19093296267505824,True
342,sp_sp5,sp,11.77,5,7,7,0.9175969179801933,0.0,0.0,0.0,False
343,sp_sp7,sp,10.11,12,9,10,0.5586376744996122,0.28068044571191997,0.12604333489273487,0.09503807105496699,True
344,mesh_2x4,mesh,11.45,16,8,20,0.9963918966400984,0.5863527298559494,0.21751035025970897,0.1483490158352621,True
345,er_n7_p0.38,er,15.02,18,7,15,0.9917742848779612,-0.5526315789473686,0.1387583941392787,0.24513577805274533,True
346,mesh_2x4,mesh,5.16,15,8,20,0.0,0.0,0.0,0.0,False
347,sp_sp3,sp,23.23,9,5,4,0.9998901876419103,0.0,0.0,0.0,False
348,er_n6_p0.39,er,13.65,9,4,5,0.09529571567886841,0.0,0.0,0.0,True
349,sp_sp6,sp,6.59,9,8,11,0.0,0.0,0.0,0.0,False
350,mesh_2x4,mesh,20.22,25,8,20,0.6358884787937535,0.8853648783083365,0.25860567011372265,0.11847786293267391,True
351,er_n8_p0.41,er,13.13,14,8,22,0.22054002668539582,0.550782483869826,0.19696969696959366,0.2357022603953116,True
352,sp_sp8,sp,26.54,11,10,13,0.9999215345383814,-0.26837252006084666,0.1484845705284949,0.1982653583568291,True
353,sp_sp3,sp,30.28,8,5,4,0.984035859532843,0.0,0.0,0.0,False
354,er_n10_p0.38,er,9.63,8,9,27,0.3033725510003438,0.45888943638397023,0.07449494949492443,0.22587697572609455,True
355,er_n8_p0.43,er,29.27,9,8,28,0.9997050632748857,-0.2571428571428572,0.1900493824832664,0.16523323671930895,True
356,sp_sp7,sp,26.93,8,9,10,0.9995113553005055,0.0,0.0,0.0,False
357,er_n6_p0.33,er,14.04,20,5,9,0.6774209413757071,0.0,0.0,0.0,False
358,sp_sp6,sp,15.57,15,8,10,0.9999800917606176,-0.029424494316824982,0.15358200331207147,0.23345696320531817,True
359,er_n5_p0.4,er,10.13,16,4,6,0.9994980665314815,0.0,0.0,0.0,False
360,mesh_2x5,mesh,10.73,21,10,26,0.878386855108968,0.8539125638299666,0.2849018691575872,0.19035723894200027,True
361,mesh_2x3,mesh,24.86,23,6,14,0.5922886444513193,0.5773502691896257,0.20833333333322915,0.249999999999875,True
362,er_n9_p0.39,er,3.79,11,9,32,0.22893749277791944,-0.5357142857142858,0.15817260200046135,0.1652501488840453,True
363,mesh_3x3,mesh,3.58,20,9,24,0.0,0.0,0.0,0.0,False
364,er_n4_p0.34,er,10.44,14,4,6,0.9990781894483154,0.0,0.0,0.0,False
365,er_n9_p0.37,er,13.21,11,9,28,0.9782056339889067,0.8747670497362986,0.2272669092531688,0.17023359972023838,True
366,mesh_2x4,mesh,6.06,23,8,20,0.0,0.0,0.0,0.0,False
367,mesh_2x2,mesh,7.0,16,4,8,0.0,0.0,0.0,0.0,False
368,sp_sp9,sp,7.7,17,11,11,0.9913926289814973,0.0,0.0,0.0,False
369,sp_sp5,sp,8.89,13,7,8,0.5206932880910683,0.0,0.0,0.0,False
370,sp_sp2,sp,14.82,5,4,3,0.8891799983531908,0.0,0.0,0.0,False
371,sp_sp4,sp,10.09,9,6,5,0.9997846136524131,0.0,0.0,0.0,False
372,mesh_2x4,mesh,18.28,16,8,20,0.8335472526892456,0.3086066999241839,0.19852509809844832,0.12696723343427907,True
373,er_n8_p0.43,er,15.91,17,8,22,0.9972891801358437,-0.40583972495671394,0.08553965038093427,0.102122127332584,True
374,sp_sp5,sp,7.63,16,7,10,0.0,0.0,0.0,0.0,False
375,sp_sp5,sp,6.72,12,7,9,0.2838115687106391,0.5923488777590924,0.23809523809511016,0.2449489742781862,True
376,sp_sp5,sp,7.6,11,7,10,0.0,0.0,0.0,0.0,False
377,mesh_3x3,mesh,1.7,22,9,24,0.0,0.0,0.0,0.0,False
378,sp_sp6,sp,20.87,18,8,9,0.9999999996384257,0.0,0.0,0.0,False
379,mesh_3x2,mesh,17.54,19,6,14,0.48465264291901766,0.5443310539518174,0.19047556207665847,0.006871766263906825,True
380,mesh_3x3,mesh,1.63,25,9,24,0.0,0.0,0.0,0.0,False
381,mesh_3x3,mesh,15.13,23,9,24,0.9856403596521253,0.17928429140015908,0.1828962689717036,0.215067447355413,True
382,er_n9_p0.37,er,16.67,12,9,26,0.9943180080763074,-0.07207499701564472,0.2077869827845503,0.19500230857717574,True
383,sp_sp8,sp,14.52,20,10,12,0.9999998791439627,-0.530158961983068,0.05803880420204676,0.11170333604799314,True
384,mesh_2x4,mesh,8.87,22,8,20,0.9968420386268093,0.49377071987869414,0.3250441225637559,0.3544858331745401,True
385,er_n7_p0.44,er,12.95,20,7,22,0.08388387610790056,-0.09999999999999999,0.15333132501878496,0.054032343168367136,True
386,er_n7_p0.42,er,12.34,11,7,17,0.995324241386717,0.0,0.0,0.0,False
387,er_n7_p0.43,er,14.04,15,7,17,0.9956434912147729,0.5441071875825088,0.027190909426843223,0.03262909131221187,True
388,sp_sp2,sp,12.57,8,4,4,0.9396633389628029,0.0,0.0,0.0,False
389,sp_sp3,sp,21.72,5,5,4,0.9207809689725895,0.0,0.0,0.0,False
390,er_n4_p0.4,er,12.72,5,3,5,0.15446347953039313,0.0,0.0,0.0,False
391,sp_sp5,sp,20.94,19,7,8,0.9870015258875942,0.22360679774997894,0.18901202455835034,0.2407751982581928,True
392,er_n4_p0.31,er,20.26,7,4,4,0.989982480750292,0.0,0.0,0.0,False
393,sp_sp5,sp,14.18,15,7,9,0.8368626714674829,0.5263157894736843,0.19552181397743865,0.16533382014282882,True
394,mesh_3x2,mesh,12.56,22,6,14,0.5400126756459019,0.38888888888888895,0.20311930265132963,0.1479212048882342,True
395,er_n8_p0.35,er,12.01,10,8,26,0.0612046827823185,0.18516401995451032,0.17435897435891393,0.1666666666666068,True
396,mesh_2x3,mesh,4.86,23,6,14,0.0,0.0,0.0,0.0,False
397,sp_sp3,sp,5.65,13,5,5,0.0,0.0,0.0,0.0,False
398,sp_sp4,sp,5.88,11,6,8,0.0,0.0,0.0,0.0,False
399,mesh_2x2,mesh,6.57,21,4,8,0.0,0.0,0.0,0.0,False
400,sp_sp4,sp,19.68,17,6,5,0.9999998997726341,0.0,0.0,0.0,False
401,sp_sp2,sp,5.82,6,4,3,0.949906130540327,0.0,0.0,0.0,False
402,sp_sp4,sp,10.86,20,6,8,0.4513175088296951,-0.39999999999999997,0.1252427816334898,0.2500021219357815,True
403,mesh_2x4,mesh,12.92,18,8,20,0.5564814150589799,0.8911327886790069,0.2646581799480415,0.11992104224458881,True
404,mesh_3x2,mesh,6.85,15,6,14,0.5465046177788468,0.2721655269759087,0.20652757068977778,0.2500521670165887,True
405,mesh_4x3,mesh,6.9,17,12,34,0.11353539214682794,0.23518743868057942,0.1472662040089639,0.20022896755866407,True
406,sp_sp5,sp,36.63,15,7,8,0.9971650316513396,-0.7905694150420948,0.0,0.032629091312211866,True
407,sp_sp2,sp,4.94,15,4,5,0.0,0.0,0.0,0.0,False
408,mesh_3x2,mesh,7.36,18,6,14,0.0,0.0,0.0,0.0,False
409,mesh_2x5,mesh,14.57,24,10,26,0.9999952479361683,0.8212380317755188,0.32581505238121544,0.2939924218054832,True
410,er_n8_p0.35,er,11.29,8,8,20,0.5539870755166313,0.0,0.0,0.0,False
411,er_n7_p0.35,er,13.94,7,3,3,0.6135443100880044,0.0,0.0,0.0,False
412,mesh_2x5,mesh,23.53,22,10,26,0.9432428999324672,0.5060608273474739,0.1364684078925513,0.13702793987372616,True
413,er_n6_p0.34,er,20.51,7,6,14,0.8855288809931305,-0.8944271909999159,0.006721548517315734,0.06553509804382841,True
414,er_n10_p0.44,er,10.29,12,10,36,0.11485382809026803,0.04790505047653036,0.13274261278735597,0.11231540965375791,True
415,sp_sp7,sp,14.44,17,9,10,0.999451579185766,0.5378528742004772,0.2079123517523925,0.2697026154207633,True
416,mesh_3x4,mesh,17.52,20,12,34,0.9999268792997501,0.3914537831560393,0.12070693955110573,0.12836917143997117,True
417,mesh_2x3,mesh,6.12,21,6,14,0.0,0.0,0.0,0.0,False
418,sp_sp5,sp,15.24,16,7,9,0.9999983469394842,0.6708203932499368,0.21728575322320967,0.08890652795654325,True
419,sp_sp4,sp,4.03,7,6,6,0.0,0.0,0.0,0.0,False
420,sp_sp5,sp,23.76,15,7,8,0.8399892869797319,0.0,0.0,0.0,False
421,er_n4_p0.43,er,15.29,15,3,4,0.9816586396069963,0.0,0.0,0.0,False
422,sp_sp6,sp,34.59,16,8,10,0.990075693451742,0.0,0.0,0.0,False
423,mesh_3x3,mesh,5.48,18,9,24,0.0,0.0,0.0,0.0,False
424,mesh_2x3,mesh,14.44,19,6,14,0.9999073510645027,0.9486832980505139,0.2564030324308528,0.16013841079582805,True
425,sp_sp5,sp,4.35,19,7,8,0.9999035201070006,-0.05270462766947298,0.16713721549848762,0.26620807643862326,True
426,mesh_2x3,mesh,11.2,20,6,14,0.27091924444496607,0.5443310539518174,0.20833333333322132,0.2499999999998519,True
427,mesh_2x3,mesh,9.41,21,6,14,0.8470949627649644,0.7745966692414834,0.2110041081122744,0.2501141025676795,True
428,mesh_2x4,mesh,5.63,16,8,20,0.0,0.0,0.0,0.0,False
429,mesh_2x2,mesh,0.59,16,4,8,0.0,0.0,0.0,0.0,False
430,mesh_2x4,mesh,7.47,23,8,20,0.0,0.0,0.0,0.0,False
431,mesh_2x4,mesh,3.98,23,8,20,0.0,0.0,0.0,0.0,False
432,mesh_2x5,mesh,18.42,24,10,26,0.9999999201114083,-0.5769586239647777,0.07459752044448754,0.0801711232686287,True
433,sp_sp2,sp,12.71,8,4,3,0.8480969735350583,0.0,0.0,0.0,False
434,er_n6_p0.43,er,10.12,19,6,17,0.9998156321474032,0.0,0.0,0.0,False
435,sp_sp6,sp,10.82,14,8,11,0.9997230449105496,0.0,0.0,0.0,False
436,mesh_2x4,mesh,7.65,21,8,20,0.0,0.0,0.0,0.0,False
437,sp_sp5,sp,46.79,12,7,7,0.988306592672122,0.0,0.0,0.0,False
438,mesh_2x4,mesh,10.44,21,8,20,0.13775372144894207,0.840168050416806,0.33333333333307197,0.2360746479078054,True
439,sp_sp4,sp,4.92,19,6,7,0.0,0.0,0.0,0.0,False
440,mesh_3x3,mesh,45.42,15,9,24,0.4606827655518404,0.16336600980326782,0.08081550333313992,0.01657005624403761,True
441,er_n7_p0.45,er,31.33,20,7,21,0.9993187437360929,0.7,0.22723937471880848,0.24495167784943578,True
442,mesh_3x2,mesh,0.98,16,6,14,0.0,0.0,0.0,0.0,False
443,mesh_2x5,mesh,12.69,21,10,26,0.0,0.0,0.0,0.0,False
444,sp_sp2,sp,21.34,8,4,3,0.9947893610253221,0.0,0.0,0.0,False
445,er_n7_p0.44,er,15.67,5,7,14,0.9044187538204808,0.0,0.0,0.0,False
446,mesh_3x4,mesh,20.39,16,12,34,0.45067643294219006,0.4110506803897066,0.1262979610253716,0.0841406113669716,True
447,er_n12_p0.34,er,12.81,5,12,36,0.18108826848322315,0.2978737164032316,0.0818083266626559,0.08491956191428203,True
448,er_n9_p0.35,er,35.57,11,9,31,0.4151210299060318,0.8964214570007953,0.14252241238789923,0.12371791482631103,True
449,er_n6_p0.33,er,18.85,12,4,4,0.9989696318244388,0.0,0.0,0.0,False
450,er_n8_p0.42,er,8.33,17,8,19,0.994909416460169,0.0,0.0,0.0,False
451,mesh_3x3,mesh,1.12,24,9,24,0.0,0.0,0.0,0.0,False
452,mesh_3x3,mesh,38.7,19,9,24,0.9999986867342257,0.3368165348543039,0.16339711309228813,0.1849012956376238,True
453,er_n10_p0.31,er,7.76,20,10,25,0.9926863350428743,0.0,0.0,0.0,False
454,er_n8_p0.34,er,15.27,5,6,14,0.490015281089376,0.0,0.0,0.0,False
455,sp_sp6,sp,13.63,13,8,12,0.0,0.0,0.0,0.0,False
456,sp_sp8,sp,26.11,13,10,12,0.999994978418081,-0.7910398521054723,0.021439530792040012,0.09697069430984095,True
457,mesh_2x4,mesh,15.2,21,8,20,0.9422978919364735,0.802377419802878,0.24202370111110236,0.14723530793453604,True
458,mesh_3x2,mesh,3.76,16,6,14,0.7209678476454706,0.632455532033676,0.2175776746720817,0.07301413346526407,True
459,sp_sp7,sp,7.1,7,9,14,0.0,0.0,0.0,0.0,False
460,mesh_3x3,mesh,11.78,21,9,24,0.9999383130231801,0.5786375623578447,0.1863890355484377,0.17055564446490318,True
461,mesh_3x4,mesh,12.47,19,12,34,0.9965805803640634,0.3302891295379082,0.14997828975285618,0.1348034500086317,True
462,sp_sp7,sp,9.52,13,9,13,0.5140576235533011,0.0,0.0,0.0,False
463,er_n6_p0.41,er,18.5,9,5,8,0.9769952922496425,0.0,0.0,0.0,False
464,er_n7_p0.42,er,1.92,20,7,20,0.99942670036841,0.0,0.0,0.0,False
465,er_n8_p0.32,er,30.73,10,3,3,0.9028927141187141,0.0,0.0,0.0,False
466,mesh_4x3,mesh,16.03,17,12,34,0.9774566168110757,-0.03813850356982369,0.1196140767483802,0.09235144199209255,True
467,er_n7_p0.31,er,12.28,18,6,17,0.5057824194271562,0.9486832980505139,0.19047619047607242,0.24999999999980838,True
468,er_n10_p0.35,er,5.93,14,10,33,0.9997947656888203,0.5389318178609666,0.24420177558266656,0.1957600236759676,True
469,mesh_2x2,mesh,12.74,16,4,8,0.3153074758732351,0.0,0.0,0.0,True
470,mesh_3x2,mesh,11.39,16,6,14,0.0,0.0,0.0,0.0,False
471,er_n4_p0.35,er,13.73,17,4,6,0.6574906004865226,0.0,0.0,0.0,True
472,mesh_3x3,mesh,3.67,17,9,24,0.0,0.0,0.0,0.0,False
473,er_n7_p0.43,er,13.83,16,7,20,0.11145279930146978,0.2894736842105264,0.22916666666654986,0.24494897427817494,True
474,er_n4_p0.41,er,8.1,12,3,3,0.9927862291783187,0.0,0.0,0.0,False
475,er_n8_p0.39,er,10.82,10,8,22,0.3979008497219011,0.6,0.16018005140258373,0.11316115039754181,True
476,er_n5_p0.39,er,22.97,17,5,9,0.1570568066160733,0.0,0.0,0.0,False
477,er_n4_p0.38,er,27.34,5,4,5,0.43529156880076797,0.0,0.0,0.0,False
478,sp_sp5,sp,28.48,20,7,7,0.9999999918527284,0.0,0.0,0.0,False
479,mesh_2x4,mesh,20.96,20,8,20,0.7074370441065319,0.9393364366277243,0.25425337854805935,0.1180108147319372,True
480,er_n10_p0.4,er,13.88,9,10,33,0.23717316029142976,0.4047619047619048,0.13811095879569976,0.09776885235347933,True
481,sp_sp5,sp,10.99,5,7,9,0.9350797806177715,0.0,0.0,0.0,False
482,er_n7_p0.33,er,10.48,9,4,4,0.9932271387473227,0.0,0.0,0.0,False
483,sp_sp4,sp,12.11,19,6,8,0.9992234700719433,0.2721655269759087,0.025140158138113353,0.06531604680829278,True
484,er_n4_p0.36,er,7.84,7,3,3,0.9592782934348849,0.0,0.0,0.0,False
485,sp_sp7,sp,22.2,11,9,11,0.33026065058704535,0.6539670908958972,0.19522520077972585,0.09098708488053339,True
486,sp_sp6,sp,33.8,9,8,8,0.9997616557626746,-0.8355727485873495,0.06944444444241045,0.2357334832635308,True
487,er_n7_p0.39,er,18.82,14,7,17,0.9999662319703831,0.026315789473684213,0.25743995640853085,0.24517545890409392,True
488,sp_sp5,sp,2.91,11,7,9,0.9968291887193973,-0.15389675281277312,0.12001107708889203,0.24624615205798095,True
489,sp_sp7,sp,42.13,18,9,10,0.9999999999551329,-0.47628967220784024,0.1331905150585745,0.22581045624448443,True
490,sp_sp10,sp,23.39,18,12,16,0.9999961778600642,-0.13043478260869565,0.08851637677319364,0.17649505144136513,True
491,sp_sp5,sp,21.62,8,7,8,0.9075695691822557,0.0,0.0,0.0,False
492,er_n5_p0.43,er,11.15,9,5,11,0.4197065598507864,0.0,0.0,0.0,True
493,mesh_2x3,mesh,12.55,19,6,14,0.46264846748581673,0.5443310539518174,0.2083333333332236,0.24999999999985278,True
494,er_n9_p0.4,er,11.58,6,8,25,0.1667469200723643,0.6571428571428573,0.14685892873151654,0.13631834617556632,True
495,sp_sp7,sp,31.04,5,9,13,0.9989123544772158,0.0,0.0,0.0,False
496,er_n4_p0.44,er,8.0,19,3,4,0.9956633057607893,0.0,0.0,0.0,False
497,er_n6_p0.44,er,8.69,14,4,6,0.13554473395294045,0.0,0.0,0.0,True
498,sp_sp2,sp,4.45,17,4,5,0.0,0.0,0.0,0.0,False
499,mesh_3x4,mesh,9.58,16,12,34,0.6190443642625209,0.04644519356749759,0.14628180038867672,0.19999999999510382,True
500,mesh_2x3,mesh,3.98,20,6,14,0.0,0.0,0.0,0.0,False
501,er_n5_p0.43,er,21.83,6,5,7,0.9373763934720125,0.0,0.0,0.0,False
502,mesh_2x3,mesh,4.38,17,6,14,0.9791180912489523,0.7378647873726218,0.2728975443030179,0.17513913301113376,True
503,mesh_2x5,mesh,15.16,25,10,26,0.9727525722027409,0.33144431589465956,0.21198896454919577,0.17328815968070682,True
504,er_n7_p0.36,er,28.89,20,6,11,0.9999999942196173,-0.7745966692414834,0.014395187343622882,0.035322027473472,True
505,mesh_2x4,mesh,1.81,17,8,20,0.0,0.0,0.0,0.0,False
506,mesh_3x3,mesh,11.4,18,9,24,0.9998957293622641,0.6172133998483676,0.18383214860584016,0.1836891329673008,True
507,er_n6_p0.31,er,15.01,6,4,7,0.4030107813881344,0.0,0.0,0.0,True
508,mesh_2x5,mesh,3.14,20,10,26,0.6956301504946176,0.8050473686826043,0.26774886912393203,0.14594283472954087,True
509,mesh_2x4,mesh,16.64,17,8,20,0.9992525048000123,0.5246313898711126,0.19342218441853878,0.11949345551963637,True
510,sp_sp5,sp,14.69,6,7,8,0.8873039154193592,0.0,0.0,0.0,False
511,er_n9_p0.35,er,21.7,18,9,28,0.9999498945288496,0.0,0.0,0.0,False
512,mesh_2x4,mesh,6.09,25,8,20,0.0,0.0,0.0,0.0,False
513,sp_sp7,sp,22.63,6,9,12,0.7765153065937043,-0.10811249552346709,0.060694458633615,0.08201497371745853,True
514,sp_sp5,sp,5.35,19,7,10,0.0,0.0,0.0,0.0,False
515,er_n6_p0.44,er,13.57,18,6,18,0.1425148168798375,-0.05555555555555556,0.21666666666652948,0.24999999999980838,True
516,er_n7_p0.31,er,17.88,19,7,16,0.9981210162488666,0.0,0.0,0.0,False
517,sp_sp3,sp,20.53,19,5,4,0.9999999995453598,0.0,0.0,0.0,False
518,er_n6_p0.4,er,7.82,6,5,12,0.9509620566137345,0.0,0.0,0.0,False
519,mesh_3x4,mesh,6.7,24,12,34,0.0,0.0,0.0,0.0,False
520,mesh_3x3,mesh,3.68,24,9,24,0.9992442809066301,0.11227217828476797,0.15646180539324317,0.3445829876697134,True
521,sp_sp6,sp,21.41,13,8,8,0.9952658535095844,-0.33394720739540396,0.10368273498698267,0.3354680314078239,True
522,mesh_2x4,mesh,6.99,20,8,20,0.0,0.0,0.0,0.0,False
523,mesh_2x4,mesh,3.36,16,8,20,0.9878897442678976,0.6831300510639732,0.3150200032570419,0.3275605001845534,True
524,sp_sp4,sp,0.69,18,6,9,0.0,0.0,0.0,0.0,False
525,er_n8_p0.43,er,1.59,17,8,25,0.9728854641983744,-0.028571428571428574,0.1665155617885191,0.14130345284613974,True
526,mesh_2x4,mesh,5.0,20,8,20,0.0,0.0,0.0,0.0,False
527,er_n5_p0.4,er,2.43,14,4,5,0.9825117864520442,0.0,0.0,0.0,False
528,mesh_3x3,mesh,6.95,18,9,24,0.0,0.0,0.0,0.0,False
529,er_n10_p0.38,er,20.4,14,10,25,0.9999898823141475,-0.08247860988423225,0.019016273463444717,0.04988595476571341,True
530,mesh_2x5,mesh,22.75,18,10,26,0.9999999591121793,0.0,0.16802868858938722,0.13787109847648246,True
531,mesh_3x3,mesh,6.7,17,9,24,0.0,0.0,0.0,0.0,False
532,mesh_3x4,mesh,7.53,18,12,34,0.9836805656753598,0.5137830903923015,0.16436123076045092,0.18210423408762166,True
533,sp_sp3,sp,48.03,8,5,4,0.9838087994704701,0.0,0.0,0.0,False
534,sp_sp5,sp,11.27,14,7,9,0.9990896396363781,0.3514797457833188,0.22319876646269243,0.2510523412601451,True
535,mesh_3x2,mesh,4.78,22,6,14,0.0,0.0,0.0,0.0,False
536,er_n6_p0.31,er,12.63,16,6,11,0.7939127316281407,0.0,0.0,0.0,False
537,mesh_2x3,mesh,5.29,25,6,14,0.0,0.0,0.0,0.0,False
538,er_n6_p0.41,er,19.18,13,6,12,0.9999406482472625,0.0,0.0,0.0,False
539,sp_sp7,sp,26.32,19,9,12,0.956396515871443,0.0,0.0,0.0,False
540,er_n10_p0.32,er,12.84,19,10,30,0.9995828114527732,0.880952380952381,0.1619688342456503,0.14509715462441752,True
541,mesh_2x4,mesh,4.6,19,8,20,0.0,0.0,0.0,0.0,False
542,er_n4_p0.34,er,12.61,20,3,2,0.9999172819387447,0.0,0.0,0.0,False
543,mesh_2x5,mesh,11.23,16,10,26,0.0,0.0,0.0,0.0,False
544,sp_sp7,sp,4.95,11,9,13,0.0,0.0,0.0,0.0,False
545,mesh_3x3,mesh,8.79,21,9,24,0.47634970803140514,0.27498597046143514,0.3333333333330058,0.2258769757260173,True
546,mesh_2x4,mesh,15.78,18,8,20,0.9974931173961733,0.5863527298559494,0.22144310575275908,0.1684326088815089,True
547,sp_sp5,sp,12.31,14,7,9,0.045416014242954356,-0.26315789473684215,0.16666666666658522,0.24494897427817952,True
548,mesh_2x2,mesh,6.77,23,4,8,0.0,0.0,0.0,0.0,False
549,er_n9_p0.33,er,18.26,14,9,26,0.9998554810120986,0.14285714285714288,0.1375826560442962,0.1120266468416588,True
550,mesh_2x5,mesh,11.95,16,10,26,0.5130134462788284,0.9027075674773933,0.23651255295826523,0.1336402691772772,True
551,er_n6_p0.43,er,10.31,6,6,14,0.9238822519074088,0.0,0.0,0.0,False
552,er_n7_p0.4,er,10.38,10,7,21,0.1465514092399012,0.47434164902525683,0.22549019607831297,0.2449489742781772,True
553,mesh_3x3,mesh,8.34,16,9,24,0.4375374073351107,0.47809144373375745,0.1809531504114705,0.22005427042906342,True
554,sp_sp7,sp,7.12,16,9,11,0.0,0.0,0.0,0.0,False
555,sp_sp6,sp,14.3,13,8,8,0.7926813441011873,0.5393598899705937,0.05028031627622671,0.05621510256191601,True
556,er_n6_p0.42,er,13.7,6,5,9,0.9154795316260638,0.0,0.0,0.0,False
557,mesh_3x3,mesh,5.66,18,9,24,0.0,0.0,0.0,0.0,False
558,sp_sp6,sp,15.39,6,8,10,0.6221552604579809,0.5747369664856797,0.1904761904761386,0.11785113019772067,True
559,er_n9_p0.34,er,13.85,16,8,19,0.9886145885998643,0.0,0.0,0.0,False
560,mesh_3x3,mesh,1.99,25,9,24,0.0,0.0,0.0,0.0,False
561,mesh_3x2,mesh,6.13,24,6,14,0.0,0.0,0.0,0.0,False
562,mesh_2x4,mesh,6.26,19,8,20,0.0,0.0,0.0,0.0,False
563,sp_sp5,sp,0.67,18,7,11,0.0,0.0,0.0,0.0,False
564,mesh_2x3,mesh,4.1,24,6,14,0.0,0.0,0.0,0.0,False
565,sp_sp2,sp,4.94,8,4,4,0.0,0.0,0.0,0.0,False
566,mesh_2x4,mesh,6.82,15,8,20,0.0,0.0,0.0,0.0,False
567,mesh_3x4,mesh,20.13,16,12,34,0.8778001370751267,0.45686846838892553,0.12539560574760844,0.06889747164630641,True
568,er_n6_p0.41,er,10.67,7,5,10,0.992408766201705,0.0,0.0,0.0,False
569,mesh_2x4,mesh,57.16,17,8,20,0.9999398592973328,0.49377071987869414,0.27009898555709355,0.20651761778330024,True
570,mesh_3x2,mesh,26.2,15,6,14,0.18421747935509478,0.316227766016838,0.15697166214479677,0.06581801213561404,True
571,mesh_2x3,mesh,14.32,21,6,14,0.9997867079651864,0.21081851067789195,0.21083790565502644,0.1524779189597879,True
572,sp_sp5,sp,13.42,14,7,8,0.11329212106407888,0.05735393346764044,0.1428497508012065,0.07112889176863994,True
573,mesh_2x4,mesh,19.65,24,8,20,0.9999999806058578,-0.06172133998483677,0.18611200441814202,0.11434896864290084,True
574,mesh_3x3,mesh,2.97,19,9,24,0.6136462790407792,0.29554140233966275,0.18527261439468168,0.22035836864574027,True
575,mesh_3x3,mesh,8.79,24,9,24,0.7364464334770959,0.009940534656094301,0.18021906184322353,0.21255394388759186,True
576,er_n7_p0.32,er,12.99,12,5,10,0.9955700562028211,-0.5,0.14715863295077639,0.15269822093385665,True
577,er_n10_p0.3,er,4.3,8,10,29,0.3309722443804543,0.0,0.0,0.0,False
578,er_n9_p0.4,er,11.9,7,9,28,0.29300302973317066,0.14285714285714288,0.1629984871569913,0.09369898664176866,True
579,mesh_2x2,mesh,6.03,17,4,8,0.0,0.0,0.0,0.0,False
580,sp_sp7,sp,3.72,12,9,11,0.0,0.0,0.0,0.0,False
581,sp_sp5,sp,13.97,12,7,7,0.9998882807043717,-0.6488856845230502,0.2408689379987666,0.30644002644128554,True
582,mesh_3x3,mesh,11.77,20,9,24,0.0,0.0,0.0,0.0,False
583,mesh_2x5,mesh,29.28,16,10,26,0.9801026482473515,0.25303041367373696,0.14481172875046103,0.13703674390616175,True
584,er_n6_p0.37,er,10.79,9,5,8,0.4080553071880698,-0.5,0.18422474013847687,0.2357171195432432,True
585,er_n5_p0.34,er,11.52,20,4,8,0.39016402046894755,0.0,0.0,0.0,True
586,mesh_2x4,mesh,16.27,19,8,20,0.07824768712753774,0.6572670690061994,0.18192488262905085,0.11785113019770588,True
587,er_n5_p0.39,er,59.99,15,5,8,0.9999774179591727,0.0,0.0,0.0,False
588,sp_sp7,sp,12.04,6,9,13,0.965271009504811,0.27086816944298076,0.19265681921822833,0.17875671284175637,True
589,er_n4_p0.36,er,9.79,20,4,5,0.9947696976377667,0.0,0.0,0.0,False
590,er_n9_p0.45,er,7.78,19,9,33,0.7102195469813667,0.5357142857142858,0.10797082502132671,0.07787742154525118,True
591,er_n7_p0.4,er,49.17,16,7,15,0.9989083113094775,0.5526315789473686,0.2568329527052852,0.2503133321147867,True
592,sp_sp4,sp,11.05,20,6,8,0.48515784100901527,0.9428090415820634,0.33333333333312226,0.24999999999980838,True
593,sp_sp7,sp,12.74,8,9,13,0.34497264865196553,0.3555285645684319,0.13074021526967974,0.09416415702650213,True
594,er_n9_p0.38,er,18.57,5,9,24,0.9651246857831487,-0.5929994533288809,0.08516464566916747,0.20206796500917681,True
595,mesh_3x2,mesh,15.58,16,6,14,0.7885989005827837,0.7378647873726218,0.2154267162590928,0.04972389611344057,True
596,sp_sp4,sp,22.98,18,6,6,0.999999973662181,0.0,0.0,0.0,False
597,sp_sp7,sp,14.84,10,9,13,0.6581917852456881,-0.09009374626955591,0.051227244379365766,0.1348004698357284,True
598,sp_sp3,sp,26.24,11,5,4,0.9163579643614634,0.0,0.0,0.0,False
599,sp_sp6,sp,18.15,12,8,10,0.9999424065923177,0.0,0.0,0.0,False
600,sp_sp4,sp,4.1,6,6,8,0.0,0.0,0.0,0.0,False
601,mesh_3x3,mesh,1.57,21,9,24,0.5818534751047298,0.5449492609130661,0.33333333333212406,0.22587705567373628,True
602,sp_sp6,sp,6.99,8,8,10,0.0,0.0,0.0,0.0,False
603,sp_sp5,sp,44.65,20,7,9,0.9999998142011801,0.0,0.0,0.0,False
604,mesh_2x2,mesh,0.62,25,4,8,0.0,0.0,0.0,0.0,False
605,mesh_2x5,mesh,23.79,19,10,26,0.9999990894738529,0.07365429242103547,0.1384280439902704,0.11877115070098744,True
606,sp_sp7,sp,13.52,17,9,12,0.876623220492557,0.0,0.0,0.0,False
607,sp_sp5,sp,19.57,20,7,8,0.9999879317736616,0.0,0.0,0.0,False
608,sp_sp8,sp,28.67,19,10,11,0.9999999999999754,0.0,0.0,0.0,False
609,mesh_2x5,mesh,8.3,21,10,26,0.7544360964096626,-0.03682714621051773,0.15022596538228764,0.21650643774656733,True
610,er_n5_p0.35,er,12.63,7,4,7,0.9545559728670676,-0.9999999999999999,0.0,0.04078636414026483,True
611,er_n6_p0.34,er,62.68,14,6,11,0.9802739809474873,0.0,0.0,0.0,False
612,er_n9_p0.37,er,8.89,5,9,29,0.7122853539170806,0.8108437164260032,0.174717601641178,0.11966629512152195,True
613,er_n7_p0.43,er,2.63,7,7,16,0.3982991293924303,0.35355339059327373,0.008246424411246669,0.017008250348196252,True
614,sp_sp7,sp,22.42,15,9,12,0.999989396670075,0.0,0.0,0.0,False
615,mesh_3x2,mesh,5.09,18,6,14,0.0,0.0,0.0,0.0,False
616,mesh_2x2,mesh,10.12,18,4,8,0.05513070396392589,0.0,0.0,0.0,True
617,mesh_2x4,mesh,9.35,22,8,20,0.9986294115041496,0.802377419802878,0.326985247019981,0.35424663504118936,True
618,mesh_2x4,mesh,3.97,18,8,20,0.8984647690911536,0.3086066999241839,0.19911249380239895,0.1256843760576904,True
619,mesh_2x2,mesh,6.91,20,4,8,0.0,0.0,0.0,0.0,False
620,sp_sp10,sp,23.72,20,12,14,0.9999998230363337,-0.44650197141235737,0.08196085228717258,0.15482051582706552,True
621,sp_sp6,sp,7.95,17,8,10,0.9169054673258353,0.7061878636037996,0.282844495073542,0.15226113227783852,True
622,sp_sp5,sp,27.63,20,7,7,0.9999999995500674,-0.8603090020146066,0.07407306212522374,0.24664057442236872,True
623,er_n8_p0.38,er,7.64,12,8,24,0.6118620883335674,0.3188740696088466,0.1705363149999242,0.1400484464198719,True
624,sp_sp10,sp,15.22,7,12,16,0.5817873697112629,0.3170731707317073,0.08641230279492969,0.13678765283201588,True
625,sp_sp8,sp,20.29,14,10,13,0.9999960394513082,0.31907245088798036,0.1360404515169585,0.275285181052972,True
626,mesh_3x3,mesh,23.03,15,9,24,0.6721134896097178,0.5449492609130661,0.13668606006730866,0.0986543103689057,True
627,er_n6_p0.32,er,13.02,15,5,6,0.9892930302440525,0.0,0.0,0.0,False
628,mesh_3x2,mesh,4.05,16,6,14,0.0,0.0,0.0,0.0,False
629,er_n6_p0.42,er,14.39,15,6,14,0.3383869548678826,-0.23570226039551584,0.22222222222210866,0.2499999999998639,True
630,mesh_3x2,mesh,15.33,22,6,14,0.6505481820540253,0.5443310539518174,0.2083333333332125,0.24999999999980838,True
631,er_n9_p0.44,er,9.49,11,9,28,0.6408539973173716,0.642857142857143,0.17475261974270287,0.07503974650851716,True
632,sp_sp2,sp,17.55,11,4,3,0.9907759252571811,0.0,0.0,0.0,False
633,er_n7_p0.36,er,18.64,8,7,14,0.7568395794197578,0.7,0.13424227498001812,0.07236485443463865,True
634,er_n4_p0.32,er,3.64,11,3,2,0.9846673536427896,0.0,0.0,0.0,False
635,sp_sp8,sp,12.63,19,10,12,0.9993908460829809,0.2545875386086578,0.061995612216555994,0.2868990423268276,True
636,sp_sp8,sp,33.68,15,10,13,0.9999999726257673,0.0,0.0,0.0,False
637,sp_sp5,sp,27.19,12,7,8,0.9990265921087891,-0.8603090020146066,0.0740740740717849,0.24684956356109422,True
638,mesh_2x5,mesh,6.07,15,10,26,0.0,0.0,0.0,0.0,False
639,sp_sp4,sp,20.5,17,6,7,0.9935846961696329,0.0,0.0,0.0,False
640,er_n8_p0.38,er,10.11,6,8,18,0.16931952260450872,0.10294117647058824,0.22369270467092647,0.2357208688035832,True
641,er_n7_p0.34,er,8.64,10,7,17,0.8054295414386436,-0.8660254037844386,0.0163837745109571,0.06421102018025905,True
642,sp_sp8,sp,21.02,9,10,13,0.8972869839176452,0.0,0.0,0.0,False
643,mesh_2x2,mesh,6.61,17,4,8,0.0,0.0,0.0,0.0,False
644,sp_sp7,sp,30.71,13,9,10,0.6635755377396615,-0.24532669073132912,0.14454666814431047,0.12443439124113581,True
645,sp_sp4,sp,3.65,17,6,7,0.0,0.0,0.0,0.0,False
646,sp_sp4,sp,24.27,8,6,7,0.999960941214888,0.0,0.0,0.0,False
647,sp_sp4,sp,9.93,6,6,8,0.1303041808550222,-0.2581988897471611,0.0016090468344308218,0.00940595918284817,True
648,er_n6_p0.37,er,10.19,9,6,10,0.592772392449114,0.0,0.10365763841081672,0.1124245273467503,True
649,er_n8_p0.41,er,7.12,17,7,19,0.4247176176493412,-0.7826237921249264,0.007394164158268635,0.04397731581964277,True
650,mesh_3x3,mesh,9.96,18,9,24,0.9328071177113361,0.5987849508520958,0.16214016825989574,0.12404153649014295,True
651,er_n8_p0.34,er,15.28,12,8,19,0.050819617659394356,0.2571428571428572,0.14503052429413904,0.09467165259024839,True
652,sp_sp7,sp,38.83,18,9,11,0.9999771859495885,-0.13944333775567924,0.04920352087069985,0.05416265590191401,True
653,mesh_3x4,mesh,37.66,24,12,34,0.9997977787377941,0.4294801833978941,0.10412905265979389,0.06991430438812708,True
654,er_n4_p0.31,er,13.46,16,3,3,0.7411499923351855,0.0,0.0,0.0,False
655,mesh_2x2,mesh,9.12,21,4,8,0.920975062659195,0.0,0.0,0.0,True
656,er_n6_p0.36,er,14.98,12,5,9,0.9835903172593592,0.0,0.0,0.0,False
657,er_n9_p0.4,er,12.21,7,9,32,0.1055036199714719,0.7387687194103584,0.1481108142585017,0.06798350065882013,True
658,er_n6_p0.34,er,6.61,19,4,5,0.9950805775975691,0.0,0.0,0.0,False
659,mesh_3x3,mesh,10.95,23,9,24,0.9999440121755875,0.8794653965640158,0.17203662669158745,0.301097983575284,True
660,er_n7_p0.42,er,14.27,7,7,14,0.8677569905516525,-0.18136906252750293,0.014697788879374713,0.032629091312211866,True
661,mesh_3x4,mesh,11.39,20,12,34,0.13211827635426768,0.1380394075935582,0.14628180039003016,0.1999999999965971,True
662,mesh_2x4,mesh,23.28,19,8,20,0.580943247792834,0.8355727485873496,0.33333333333281845,0.23570226039497402,True
663,sp_sp3,sp,4.86,16,5,6,0.0,0.0,0.0,0.0,False
664,sp_sp6,sp,8.51,17,8,11,0.8463164372366497,0.1449427589131121,0.19363904668025111,0.17004633494784138,True
665,mesh_3x2,mesh,12.79,18,6,14,0.6644959618577753,0.7378647873726218,0.24000206736224006,0.09143009582318042,True
666,sp_sp4,sp,2.07,9,6,6,0.9928842281655927,-0.632455532033676,0.14648568487215613,0.1846876589069782,True
667,sp_sp5,sp,28.51,19,7,6,0.9999999995959052,0.0,0.0,0.0,False
668,er_n9_p0.44,er,6.76,17,9,36,0.2549269647217457,0.5714285714285715,0.17063778684371445,0.1332836079250822,True
669,mesh_4x3,mesh,18.09,25,12,34,0.9969236347760028,0.48944412914607077,0.14201698438466878,0.11363012593384024,True
670,er_n6_p0.44,er,14.45,6,6,18,0.00581502405532945,-0.7999999999999999,0.1336553466427878,0.14532051083623604,True
671,sp_sp4,sp,19.4,15,6,5,0.9999999698240528,0.0,0.0,0.0,False
672,mesh_3x3,mesh,5.44,23,9,24,0.0,0.0,0.0,0.0,False
673,sp_sp10,sp,6.31,12,12,16,0.0,0.0,0.0,0.0,False
674,sp_sp3,sp,12.05,6,5,6,0.22802287356304068,0.8660254037844387,0.22222222222211108,0.23570226039539796,True
675,sp_sp3,sp,2.55,16,5,6,0.9994294671524744,0.0,0.0,0.0,False
676,sp_sp4,sp,12.17,14,6,7,0.9999469591667038,-0.7999999999999999,0.101000744739167,0.3997469729863432,True
677,er_n7_p0.41,er,14.62,10,7,14,0.9875377302820595,-0.35355339059327373,0.0015994652604025426,0.032629091312211866,True
678,mesh_2x4,mesh,5.18,21,8,20,0.0,0.0,0.0,0.0,False
679,er_n8_p0.31,er,14.18,9,7,18,0.12514374496680591,-0.15214515486254615,0.24074074074062035,0.24494897427819531,True
680,er_n5_p0.42,er,13.66,10,3,2,0.5463512566260116,0.0,0.0,0.0,False
681,mesh_3x3,mesh,8.25,17,9,24,0.6633497346393766,0.4321208107251124,0.3333333333329392,0.22587697572595392,True
682,mesh_2x4,mesh,13.56,21,8,20,0.6097676957183094,0.6230345439947554,0.19196000586106043,0.11945387481935087,True
683,mesh_2x4,mesh,12.52,24,8,20,0.700709822798815,0.8231932086840424,0.33333333333279364,0.23570226039496414,True
684,mesh_3x4,mesh,10.5,19,12,34,0.039430882637130016,0.3642599950668461,0.1835321312409334,0.19777686342575002,True
685,mesh_3x2,mesh,13.61,18,6,14,0.9371062786241198,0.21081851067789195,0.234151099851281,0.11579743840317785,True
686,mesh_3x2,mesh,12.43,19,6,14,0.19523852466744604,0.5443310539518174,0.20833333333320925,0.24999999999981393,True
687,sp_sp6,sp,26.28,15,8,10,0.9995360579465379,-0.5147058823529411,0.09986058929372262,0.21194448044107145,True
688,mesh_2x3,mesh,5.98,23,6,14,0.0,0.0,0.0,0.0,False
689,mesh_2x3,mesh,3.91,22,6,14,0.0,0.0,0.0,0.0,False
690,sp_sp6,sp,19.11,9,8,9,0.9528518771780482,-0.4852941176470589,0.14993637394072035,0.18691001336633203,True
691,sp_sp3,sp,6.63,15,5,7,0.0,0.0,0.0,0.0,False
692,er_n10_p0.36,er,6.85,16,9,32,0.4158706641503004,0.39285714285714296,0.15002839093216744,0.07654076038529675,True
693,sp_sp2,sp,21.04,16,4,3,0.7723032195627715,0.0,0.0,0.0,False
694,er_n10_p0.38,er,17.53,18,10,39,0.9396895108259894,0.1666666666666667,0.0755335896582343,0.08134804199772008,True
695,sp_sp6,sp,22.93,10,8,9,0.9999961502112186,0.0,0.0,0.0,False
696,er_n8_p0.38,er,26.48,19,8,21,0.9997051522672143,-0.6957252427829381,0.11667699717772896,0.3634174901670653,True
697,sp_sp9,sp,25.65,16,11,15,0.9999999923844289,0.13693063937629152,0.16016559665517585,0.2079380855966277,True
698,sp_sp2,sp,4.69,7,4,4,0.0,0.0,0.0,0.0,False
699,sp_sp2,sp,8.4,14,4,4,0.2021313922396817,0.0,0.0,0.0,False
700,mesh_3x3,mesh,35.39,23,9,24,0.9999508859092121,0.2993924754260479,0.16848279895254845,0.1566824157667139,True
701,er_n10_p0.34,er,7.81,12,9,21,0.9827386659141943,0.0,0.0,0.0,False
702,sp_sp7,sp,29.45,14,9,11,0.9994649935385554,-0.2594372608313854,0.07418770195885976,0.1857625551545627,True
703,mesh_2x4,mesh,19.47,21,8,20,0.9999356459920621,0.6789347398332045,0.33267500833384206,0.23963511959143727,True
704,sp_sp2,sp,3.86,7,4,3,0.9473315428170158,0.0,0.0,0.0,False
705,mesh_2x5,mesh,12.5,16,10,26,0.0,0.0,0.0,0.0,False
706,sp_sp3,sp,8.76,17,5,6,0.9983499011295108,0.0,0.0,0.0,False
707,sp_sp6,sp,0.57,15,8,10,0.0,0.0,0.0,0.0,False
708,mesh_2x4,mesh,2.66,22,8,20,0.715999984184326,0.8280786712108252,0.33333333333253784,0.23588566166952307,True
709,er_n8_p0.31,er,28.98,14,8,27,0.09646475399261474,0.41403933560541256,0.14779874213832783,0.11785113019772846,True
710,mesh_3x2,mesh,4.53,21,6,14,0.0,0.0,0.0,0.0,False
711,mesh_2x2,mesh,12.42,20,4,8,0.0,0.0,0.0,0.0,False
712,er_n7_p0.43,er,2.07,19,6,13,0.2515422876765971,0.19999999999999998,0.1809156807687793,0.14905641518186782,True
713,er_n4_p0.39,er,12.83,12,3,2,0.3061576390045622,0.0,0.0,0.0,False
714,sp_sp8,sp,11.48,6,10,12,0.9627798629612262,0.0,0.0,0.0,False
715,mesh_3x3,mesh,13.63,15,9,24,0.7049775207053153,0.5378528742004772,0.18727825144159768,0.22218504290590002,True
716,er_n6_p0.33,er,3.26,9,5,8,0.9626547617794023,0.0,0.0,0.0,False
717,er_n4_p0.33,er,8.44,11,3,3,0.6744893116684861,0.0,0.0,0.0,False
718,sp_sp7,sp,7.64,11,9,12,0.0,0.0,0.0,0.0,False
719,sp_sp3,sp,8.68,10,5,6,0.3008239047468952,0.0,0.22047904304776864,0.04172190040783034,True
720,sp_sp6,sp,9.36,16,8,11,0.548315294336299,0.3714285714285715,0.11121151615938267,0.12449801531158075,True
721,er_n5_p0.36,er,10.9,8,5,11,0.8851260455442089,-0.5,0.20030559264775202,0.23570556209647964,True
722,er_n5_p0.45,er,13.31,12,5,9,0.9721486107284854,-0.5000000000000001,0.0,0.038453752884700126,True
723,sp_sp7,sp,4.37,7,9,12,0.0,0.0,0.0,0.0,False
724,er_n12_p0.37,er,12.83,10,12,44,0.05429552838458563,0.22424242424242422,0.04794300662875001,0.0653621470364641,True
725,sp_sp9,sp,17.34,20,11,14,0.9999743735464397,-0.2833333333333333,0.0784137039716872,0.23262783872952378,True
726,sp_sp5,sp,6.88,17,7,9,0.0,0.0,0.0,0.0,False
727,er_n4_p0.44,er,32.15,9,3,3,0.6460847012699538,0.0,0.0,0.0,False
728,er_n9_p0.45,er,9.78,18,9,39,0.7978937736369021,0.0,0.0,0.0,False
729,sp_sp5,sp,17.84,15,7,9,0.9947094353827847,0.0,0.0,0.0,False
730,mesh_2x3,mesh,5.15,25,6,14,0.0,0.0,0.0,0.0,False
731,er_n6_p0.31,er,20.8,12,6,10,0.9994388595669175,0.0,0.0,0.0,False
732,sp_sp3,sp,25.27,7,5,4,0.9989829178024849,0.0,0.0,0.0,False
733,mesh_2x3,mesh,4.57,20,6,14,0.9999896912733676,0.632455532033676,0.20749388311375214,0.17195671101732707,True
734,mesh_2x3,mesh,4.09,22,6,14,0.0,0.0,0.0,0.0,False
735,mesh_2x2,mesh,14.15,25,4,8,0.34900674488975564,0.0,0.0,0.0,True
736,mesh_3x4,mesh,15.45,18,12,34,0.0,0.0,0.0,0.0,False
737,mesh_3x3,mesh,13.68,21,9,24,0.99997028037978,0.6943650748294137,0.2358173524201931,0.1726031883156173,True
738,er_n6_p0.34,er,11.16,19,4,5,0.9209042756869369,0.0,0.0,0.0,False
739,mesh_3x2,mesh,1.42,24,6,14,0.0,0.0,0.0,0.0,False
740,er_n6_p0.41,er,6.94,11,5,11,0.2764612781947209,0.8660254037844387,0.1949041542269493,0.23604168756765456,True
741,mesh_3x4,mesh,10.81,18,12,34,0.16463875021209554,0.4036867138796655,0.15688519744903473,0.12276617799559283,True
742,sp_sp7,sp,10.86,5,9,11,0.8917843312607991,0.0,0.0,0.0,False
743,sp_sp2,sp,13.16,14,4,4,0.16739284748560307,0.0,0.0,0.0,False
744,mesh_3x3,mesh,14.93,19,9,24,0.9985425796142344,0.46291004988627577,0.15773714648497195,0.1380420583709248,True
745,er_n8_p0.34,er,24.19,18,8,18,0.9999173629692436,-0.5797710356524485,0.1944432848523082,0.3111111689549546,True
746,er_n6_p0.41,er,3.48,19,5,11,0.9868976774371693,0.0,0.0,0.0,False
747,mesh_2x4,mesh,28.5,17,8,20,0.9999951510346841,-0.09258200997725516,0.21457313677279513,0.2144493770685966,True
748,sp_sp4,sp,8.17,5,6,8,0.9155403699,0.0,0.0,0.0,False
749,er_n9_p0.38,er,7.36,8,6,14,0.26648016470585734,0.7999999999999999,0.1614386216372613,0.086527586555611,True
750,sp_sp5,sp,29.67,9,7,9,0.9997749800925972,0.0,0.0,0.0,False
751,er_n8_p0.41,er,12.99,11,7,21,0.2633054509902262,0.35909242322980395,0.25729188125943175,0.24498833069414794,True
752,mesh_3x4,mesh,14.63,16,12,34,0.0,0.0,0.0,0.0,False
753,sp_sp4,sp,4.72,16,6,9,0.0,0.0,0.0,0.0,False
754,sp_sp2,sp,12.49,5,4,4,0.8546066432000001,0.0,0.0,0.0,False
755,sp_sp4,sp,4.56,20,6,7,0.8868233008084424,0.0,0.0,0.0,False
756,er_n10_p0.43,er,8.49,10,10,32,0.4604310147166196,0.4364357804719848,0.17937266969413865,0.2165280743290179,True
757,sp_sp2,sp,11.91,5,4,4,0.0,0.0,0.0,0.0,False
758,sp_sp8,sp,13.52,20,10,14,0.9852191170585656,0.0,0.0,0.0,False
759,sp_sp4,sp,5.31,9,6,9,0.0,0.0,0.0,0.0,False
760,mesh_2x5,mesh,6.06,22,10,26,0.0,0.0,0.0,0.0,False
761,sp_sp6,sp,6.72,6,8,9,0.0,0.0,0.0,0.0,False
762,er_n8_p0.36,er,17.18,16,8,18,0.9827693729900386,0.057977103565244846,0.24425003769132506,0.29282609240619695,True
763,mesh_3x3,mesh,6.92,21,9,24,0.0,0.0,0.0,0.0,False
764,er_n5_p0.41,er,14.64,20,5,11,0.8641775424979155,0.0,0.0,0.0,False
765,er_n5_p0.34,er,20.7,13,5,9,0.999997378723503,0.0,0.0,0.0,False
766,mesh_3x2,mesh,5.39,15,6,14,0.0,0.0,0.0,0.0,False
767,er_n8_p0.3,er,23.56,18,7,20,0.42268618417356063,0.7071067811865475,0.18666666666660967,0.09999999999994724,True
768,sp_sp7,sp,3.41,17,9,12,0.9999945627132526,0.0,0.0,0.0,False
769,mesh_3x3,mesh,6.71,15,9,24,0.3199366044437968,0.6174969805662238,0.11614600013586678,0.10859139774367886,True
770,er_n8_p0.31,er,14.61,16,8,24,0.3563993696272437,0.550782483869826,0.22666666666642246,0.23570226039509182,True
771,mesh_2x3,mesh,6.18,16,6,14,0.0,0.0,0.0,0.0,False
772,sp_sp6,sp,9.49,16,8,9,0.28481649850232327,-0.7406560798180413,0.0690284213208507,0.052155594970740064,True
773,mesh_3x2,mesh,13.81,19,6,14,0.6784361487823715,0.5443310539518174,0.2083333333332125,0.24999999999980838,True
774,er_n8_p0.3,er,24.11,12,8,24,0.030647701919206308,0.550782483869826,0.2299578059070345,0.2357022603953597,True
775,er_n6_p0.35,er,11.21,12,5,10,0.5146926477872535,-0.8660254037844387,0.19047619047609524,0.23570226039539796,True
776,mesh_2x4,mesh,30.11,25,8,20,0.9999995303954983,0.401188709901439,0.20486410281188208,0.21476813875785306,True
777,mesh_3x3,mesh,7.82,23,9,24,0.2558807841877489,0.43037668342494384,0.13594740302343025,0.1349093541291978,True
778,mesh_2x4,mesh,4.75,23,8,20,0.0,0.0,0.0,0.0,False
779,er_n8_p0.34,er,8.64,5,8,19,0.2557482879685406,0.9856107606091623,0.19518701092427895,0.10316824234283985,True
780,mesh_2x2,mesh,7.34,21,4,8,0.0,0.0,0.0,0.0,False
781,sp_sp5,sp,0.89,6,7,10,0.0,0.0,0.0,0.0,False
782,sp_sp7,sp,11.48,18,9,11,0.999996935629351,0.0,0.0,0.0,False
783,er_n7_p0.44,er,25.2,15,7,22,0.38862440576410107,0.23684210526315794,0.13832934662784604,0.062265415998122915,True
784,sp_sp4,sp,7.23,17,6,8,0.0,0.0,0.0,0.0,False
785,mesh_2x3,mesh,10.95,19,6,14,0.30519605173830094,0.7378647873726218,0.2096078793564143,0.04908046620282851,True
786,sp_sp9,sp,9.86,16,11,15,0.9952767878453279,0.27781837076027976,0.17053867337898224,0.2558287347391473,True
787,er_n8_p0.4,er,15.19,16,8,23,0.1155425741963414,0.6210590034081188,0.24444444444432223,0.23570226039539796,True
788,mesh_2x4,mesh,13.98,20,8,20,0.0,0.0,0.0,0.0,False
789,er_n4_p0.36,er,10.14,18,4,8,0.16251516410278904,-0.9999999999999999,0.29631683623818117,0.00920790940383781,True
790,sp_sp6,sp,7.59,20,8,10,0.0,0.0,0.0,0.0,False
791,er_n8_p0.32,er,21.76,15,8,19,0.6115252736240435,0.41403933560541256,0.13432017543856292,0.11785113019772846,True
792,sp_sp3,sp,20.48,9,5,5,0.9974391179541952,-0.8660254037844387,0.0,0.07110710519824849,True
793,mesh_3x2,mesh,11.31,16,6,14,0.0,0.0,0.0,0.0,False
794,mesh_2x5,mesh,7.21,21,10,26,0.0,0.0,0.0,0.0,False
795,sp_sp3,sp,15.26,19,5,5,0.9554091126681079,0.0,0.0,0.0,False
796,sp_sp7,sp,20.37,6,9,11,0.9931100071655945,-0.15876322406928006,0.10416666666621377,0.22704284311712114,True
797,mesh_2x2,mesh,14.81,18,4,8,0.15656069686586466,0.0,0.0,0.0,True
798,sp_sp4,sp,19.79,16,6,6,0.9999918549294519,0.0,0.0,0.0,False
799,sp_sp5,sp,2.03,9,7,7,0.866818934239318,-0.5270462766947299,0.14015296876580208,0.17090597540283115,True
800,sp_sp6,sp,29.53,20,8,13,0.9584107945519693,0.0,0.0,0.0,False
801,sp_sp4,sp,4.11,13,6,8,0.0,0.0,0.0,0.0,False
802,mesh_3x2,mesh,3.55,20,6,14,0.0,0.0,0.0,0.0,False
803,sp_sp5,sp,10.61,16,7,9,0.9996675035252149,0.17677669529663687,0.19823185872149873,0.24498486803258585,True
804,mesh_3x2,mesh,1.89,15,6,14,0.9952379374348229,0.632455532033676,0.30938035201675357,0.3467019143083824,True
805,sp_sp3,sp,17.18,6,5,5,0.805160397504105,0.0,0.0,0.0,False
806,mesh_3x3,mesh,10.85,22,9,24,0.19393477297280012,0.5449492609130661,0.3333333333323557,0.2258769757253678,True
807,er_n6_p0.32,er,21.13,10,6,11,0.999700328229867,0.0,0.0,0.0,False
808,mesh_2x5,mesh,4.39,15,10,26,0.9901626543113697,0.9027075674773933,0.2410603622395454,0.12624902214623035,True
809,er_n8_p0.4,er,2.09,14,8,17,0.7916827359233365,-0.101418510567422,0.04390887985936804,0.1313491803459024,True
810,er_n9_p0.37,er,4.47,18,9,29,0.9730959606141469,0.20412414523193148,0.011907130271885594,0.02854450874485667,True
811,sp_sp5,sp,3.93,14,7,10,0.0,0.0,0.0,0.0,False
812,er_n6_p0.33,er,20.61,15,6,6,0.9513416874265641,-0.2581988897471611,0.009063636475614409,0.035322027473472,True
813,mesh_3x4,mesh,10.07,23,12,34,0.9998987011804676,0.5015501596686753,0.12382722506631261,0.29520792665286905,True
814,sp_sp10,sp,10.47,6,12,17,0.9716759251899169,0.22627786434233255,0.1542694351746615,0.14922226222073054,True
815,er_n6_p0.31,er,36.55,12,6,14,0.9934880562739566,0.0,0.0,0.0,False
816,er_n7_p0.38,er,10.04,20,7,14,0.10533797961528339,0.28867513459481287,0.24848484848472427,0.24494897427819531,True
817,er_n11_p0.39,er,11.45,17,11,40,0.1271740460725076,0.8954053273686235,0.23768472906269186,0.2078698548191603,True
818,mesh_3x3,mesh,13.58,16,9,24,0.87536439442365,0.7290021257711682,0.10872822909338932,0.042726091286422845,True
819,er_n8_p0.43,er,6.92,6,8,20,0.7642046283404256,0.0,0.0,0.0,False
820,sp_sp9,sp,17.59,20,11,15,0.9999831375990401,-0.033757978902788886,0.05355675238992486,0.15068053006628304,True
821,er_n10_p0.37,er,14.92,9,10,39,0.4844475544847243,0.790433332862751,0.17049652041329408,0.12445642133585258,True
822,er_n9_p0.37,er,1.84,17,9,26,0.9871590743432418,0.0,0.0,0.0,False
823,er_n8_p0.41,er,13.24,12,8,23,0.14234901670752664,0.7714285714285715,0.23195230548292733,0.12798602190648267,True
824,mesh_3x2,mesh,13.69,22,6,14,0.0,0.0,0.0,0.0,False
825,sp_sp6,sp,25.53,19,8,9,0.999716269057819,0.0,0.0,0.0,False
826,er_n7_p0.43,er,9.18,12,6,11,0.9190437746685786,0.0,0.0,0.0,False
827,er_n6_p0.37,er,14.81,13,6,13,0.9999351551578507,-0.316227766016838,0.1327283143209106,0.31417451417450015,True
828,sp_sp6,sp,9.65,18,8,9,0.9999999999435656,-0.6761234037828132,0.15832974727399896,0.24226559000417694,True
829,mesh_2x4,mesh,31.48,25,8,20,0.9920424295232283,0.7514691493021795,0.33178818243036695,0.3592151165886795,True
830,er_n4_p0.36,er,14.4,19,4,8,0.9996482031239063,0.0,0.0,0.0,False
831,sp_sp6,sp,28.92,14,8,8,0.9999995593225536,0.0,0.0,0.0,False
832,sp_sp3,sp,7.07,11,5,4,0.9998021438638804,0.0,0.0,0.0,False
833,mesh_2x4,mesh,8.14,15,8,20,0.9965939639454529,0.9258200997725515,0.3266346961556326,0.3402967943075669,True
834,sp_sp4,sp,7.54,16,6,9,0.0,0.0,0.0,0.0,False
835,mesh_3x2,mesh,7.59,20,6,14,0.9314853769026598,0.8164965809277261,0.209510960811893,0.25002218791881203,True
836,er_n8_p0.36,er,40.24,19,8,18,0.9999551470986536,-0.14285714285714288,0.09782423601144918,0.3711092242586095,True
837,mesh_3x4,mesh,13.07,20,12,34,0.007280631462969894,0.5926942292613089,0.1831852886255639,0.19479384866772562,True
838,er_n7_p0.31,er,7.24,19,7,15,0.9865813722081507,-0.35355339059327373,0.013595454713421612,0.032629091312211866,True
839,sp_sp8,sp,22.96,20,10,13,0.9999944005288345,-0.5008703226778093,0.0,0.026977644099415873,True
840,mesh_3x3,mesh,11.48,16,9,24,0.3667317086851003,0.31810450514017585,0.15676758753452888,0.11555509180338652,True
841,mesh_2x5,mesh,10.91,15,10,26,0.9053514131558523,0.8838515090524254,0.26895606355533186,0.13718554906675554,True
842,sp_sp4,sp,44.33,6,6,7,0.9433486230697798,0.0,0.0,0.0,False
843,mesh_2x2,mesh,24.81,18,4,8,0.27842339439849917,0.0,0.0,0.0,True
844,sp_sp3,sp,7.34,20,5,6,0.9992464562840508,-0.8660254037844387,0.014563355120850758,0.06178708297668842,True
845,mesh_2x5,mesh,21.85,19,10,26,0.9883403103934277,0.687440062596331,0.2714208124094863,0.17475438979352428,True
846,sp_sp6,sp,17.72,15,8,10,0.9952766495432751,0.20291986247835697,0.22619736262524212,0.18139103997898165,True
847,er_n4_p0.44,er,14.54,19,4,7,0.9994446867523887,0.0,0.0,0.0,False
848,sp_sp2,sp,25.89,13,4,4,0.9740993674172489,0.0,0.0,0.0,False
849,er_n8_p0.34,er,26.13,19,6,13,0.9999964851517986,-0.9486832980505139,0.1366647438991625,0.2559377417351511,True
850,er_n9_p0.4,er,2.83,14,6,15,0.9915632649573435,0.0,0.0,0.0,False
851,sp_sp5,sp,21.18,12,7,7,0.9999992557866326,0.0,0.0,0.0,False
852,sp_sp6,sp,7.12,5,8,11,0.0,0.0,0.0,0.0,False
853,sp_sp3,sp,9.25,18,5,5,0.9990076885229355,0.0,0.0,0.0,False
854,sp_sp2,sp,23.04,19,4,5,0.9995125917724157,0.0,0.0,0.0,False
855,mesh_3x3,mesh,12.18,24,9,24,0.9992699205641644,0.3742405942825599,0.1586577311139547,0.152437888886064,True
856,er_n9_p0.44,er,1.61,8,9,29,0.7523563800517019,0.4076871241636057,0.16962685162397753,0.1735405535299403,True
857,er_n8_p0.38,er,18.3,8,7,21,0.35063747874498274,0.0,0.2222222222221111,0.24494897427819534,True
858,sp_sp6,sp,22.05,18,8,10,0.9999197242760921,0.5976143046671969,0.15018171367267513,0.17311050124570068,True
859,sp_sp2,sp,15.2,20,4,4,0.9781424768816149,0.0,0.0,0.0,False
860,sp_sp8,sp,22.28,9,10,11,0.9999996418761786,-0.3805097170738808,0.08690119779438478,0.2929311658589352,True
861,mesh_4x3,mesh,40.98,15,12,34,0.23460128187981624,0.41935483870967744,0.11675365761696883,0.07704316522031801,True
862,sp_sp2,sp,19.6,12,4,3,0.9670120696539878,0.0,0.0,0.0,False
863,mesh_2x4,mesh,12.33,20,8,20,0.0,0.0,0.0,0.0,False
864,mesh_2x3,mesh,13.0,18,6,14,0.5382380848615962,0.5773502691896257,0.20833333333320833,0.24999999999984998,True
865,mesh_3x2,mesh,3.51,17,6,14,0.0,0.0,0.0,0.0,False
866,mesh_3x2,mesh,8.8,24,6,14,0.8417012547446174,0.9486832980505139,0.219495924399474,0.05816239910303305,True
867,mesh_2x4,mesh,23.12,25,8,20,0.6060025584381991,0.8231932086840424,0.3333333333329152,0.23570226039509967,True
868,er_n11_p0.35,er,32.45,13,11,32,0.9996935322772345,0.27122540144832413,0.17048211637237912,0.1868560261367082,True
869,er_n7_p0.31,er,8.82,9,5,7,0.8465367952846097,0.0,0.0,0.0,False
870,sp_sp5,sp,24.59,11,7,8,0.9999548987151154,-0.5642880936468347,0.16056085163362901,0.2683738963947749,True
871,er_n7_p0.45,er,3.75,9,6,17,0.21955891649464376,1.0,0.2075399975875587,0.07004917164792396,True
872,sp_sp4,sp,11.82,15,6,7,0.9730015898567264,0.0,0.0,0.0,False
873,er_n9_p0.4,er,11.26,7,9,35,0.09824615428047508,0.1785714285714286,0.22112173779052582,0.22593838747368314,True
874,er_n9_p0.42,er,9.82,10,9,23,0.03565453131801615,0.8017837257372733,0.32095750848992827,0.22591806838972683,True
875,sp_sp6,sp,13.27,15,8,9,0.9958301033422992,0.49377071987869414,0.27476055321796966,0.19746531872385986,True
876,sp_sp4,sp,20.59,9,6,6,0.9992088131532068,-0.8164965809277261,0.0,0.035322027473472,True
877,mesh_3x2,mesh,3.46,22,6,14,0.0,0.0,0.0,0.0,False
878,sp_sp2,sp,10.51,17,4,4,0.07850793371670953,0.0,0.0,0.0,True
879,sp_sp3,sp,22.07,7,5,4,0.9914355220293166,0.0,0.0,0.0,False
880,mesh_2x4,mesh,6.92,19,8,20,0.0,0.0,0.0,0.0,False
881,sp_sp6,sp,12.44,20,8,7,0.9999999999991228,0.0,0.0,0.0,False
882,er_n6_p0.41,er,12.57,9,6,14,0.26752275463868247,0.0,0.0008858463723018881,0.01841197109432935,True
883,mesh_3x4,mesh,3.58,18,12,34,0.0,0.0,0.0,0.0,False
884,mesh_3x3,mesh,7.59,17,9,24,0.0,0.0,0.0,0.0,False
885,er_n8_p0.42,er,7.15,18,8,24,0.8160051792050281,0.6087595874350709,0.2960990124200676,0.2357126158884762,True
886,mesh_3x2,mesh,9.98,18,6,14,0.47671511450294984,0.5773502691896257,0.20833333333322915,0.249999999999875,True
887,mesh_2x5,mesh,7.45,18,10,26,0.0,0.0,0.0,0.0,False
888,sp_sp8,sp,21.95,16,10,13,0.9999884014251322,0.0,0.0,0.0,False
889,er_n7_p0.43,er,14.07,15,7,18,0.6939505089293744,0.7905694150420949,0.24305555555542402,0.24494897427817722,True
890,sp_sp4,sp,1.76,9,6,7,0.0,0.0,0.0,0.0,False
891,er_n10_p0.41,er,14.2,6,10,37,0.3784036208155987,0.7185757571479554,0.22891296031785488,0.17282673264481066,True
892,er_n5_p0.34,er,10.97,19,3,4,0.26395075731385514,0.0,0.0,0.0,False
893,sp_sp5,sp,4.13,7,7,9,0.24591178440818015,0.9486832980505138,0.25788022411094497,0.1474004702423177,True
894,er_n4_p0.38,er,12.11,16,4,5,0.9953345163820341,-0.9999999999999999,0.0,0.04078636414026483,True
895,er_n12_p0.42,er,22.86,15,12,55,0.10968023457278588,0.17575757575757575,0.1258239781926029,0.06514847653091047,True
896,er_n12_p0.31,er,20.17,10,12,48,0.2731767300923732,0.43030303030303024,0.10870343789371147,0.049819855884985983,True
897,sp_sp5,sp,12.61,18,7,10,0.9999989636702914,0.0,0.0,0.0,False
898,er_n10_p0.44,er,4.34,18,10,42,0.9529951711771856,0.6190476190476191,0.19277150976179225,0.09537568852227986,True
899,er_n8_p0.35,er,7.62,5,8,21,0.6471193671263609,0.8285714285714287,0.18003428462832038,0.13858735325712024,True
900,sp_sp2,sp,5.31,17,4,5,0.0,0.0,0.0,0.0,False
901,sp_sp6,sp,14.94,5,8,10,0.9886225753074371,-0.5797710356524485,0.07934765885402989,0.2086402380671763,True
902,sp_sp4,sp,5.77,8,6,7,0.0,0.0,0.0,0.0,False
903,sp_sp7,sp,10.77,6,9,12,0.9519267069217245,0.0,0.0,0.0,False
904,er_n7_p0.43,er,11.79,8,7,17,0.1962069897782283,0.8885233166386386,0.21568627450968703,0.24494897427818504,True
905,sp_sp2,sp,20.07,11,4,4,0.9954932079065287,0.0,0.0,0.0,False
906,sp_sp2,sp,4.13,13,4,4,0.0,0.0,0.0,0.0,False
907,mesh_3x2,mesh,9.64,15,6,14,0.7109815855489334,0.5773502691896257,0.20833333333317997,0.24999999999981598,True
908,sp_sp4,sp,22.26,14,6,8,0.1525831859794663,0.888888888888889,0.19999999999989113,0.24999999999985278,True
909,er_n9_p0.35,er,12.77,17,8,17,0.7438885957081477,0.0,0.0,0.0,False
910,sp_sp5,sp,11.21,13,7,8,0.7985606956321047,0.5642880936468347,0.21860497890882571,0.15414975983841886,True
911,er_n9_p0.31,er,26.89,19,7,12,0.9999928878794752,0.0,0.0,0.0,False
912,mesh_2x5,mesh,8.09,19,10,26,0.9950323389447364,0.6260614855788014,0.2625614338796938,0.16353178389772338,True
913,er_n4_p0.41,er,13.68,19,4,6,0.9982016924911372,0.0,0.0,0.0,False
914,mesh_2x5,mesh,2.16,23,10,26,0.0,0.0,0.0,0.0,False
915,mesh_3x3,mesh,9.15,23,9,24,0.9999025492212472,0.19702760155977517,0.18642987650817544,0.22542853848718505,True
916,mesh_2x4,mesh,3.24,21,8,20,0.9999843931482614,0.8140915784106943,0.3252234192009795,0.2262118956242654,True
917,er_n5_p0.38,er,17.63,16,4,5,0.9996902105186628,0.0,0.0,0.0,False
918,mesh_2x4,mesh,14.24,20,8,20,0.9939520259680281,0.9258200997725515,0.3056304186844729,0.1546548259534291,True
919,sp_sp9,sp,9.8,14,11,16,0.8751912214864139,0.5252100840336136,0.1323275658542379,0.10153157240083265,True
920,er_n5_p0.32,er,14.6,7,3,3,0.59132440363008,0.0,0.0,0.0,False
921,sp_sp7,sp,27.14,5,9,11,0.6678356652714773,0.0,0.0,0.0,False
922,er_n6_p0.35,er,15.04,7,6,10,0.2485525218918403,0.2721655269759087,0.004525444221836686,0.00940595918284817,True
923,er_n9_p0.33,er,19.86,17,7,12,0.9996168266646537,-0.9746794344808964,0.16977354147909515,0.3814727741617553,True
924,er_n9_p0.38,er,8.86,7,9,32,0.7570290253972214,0.0,0.0,0.0,False
925,er_n9_p0.41,er,14.19,20,9,35,0.04940576146192919,0.642857142857143,0.10813673707784151,0.06757012730511572,True
926,mesh_2x5,mesh,16.38,23,10,26,0.9999965361589334,0.5151609764133533,0.27409258638750306,0.2676477100118617,True
927,er_n4_p0.38,er,4.06,12,4,8,0.965694526380462,-0.9999999999999999,0.0,0.34890899715597484,True
928,er_n4_p0.38,er,12.36,10,3,2,0.8691114708029007,0.0,0.0,0.0,False
929,sp_sp10,sp,32.31,13,12,14,0.9999999800842833,0.0,0.0,0.0,False
930,er_n8_p0.42,er,11.39,19,7,23,0.0340958737307839,0.41039134083406165,0.20498081446293293,0.16346607522005588,True
931,sp_sp6,sp,33.1,12,8,9,0.9994083299839734,-0.13522468075656266,0.03993579364945521,0.053563550440028855,True
932,mesh_4x3,mesh,4.89,25,12,34,0.0,0.0,0.0,0.0,False
933,er_n7_p0.37,er,13.18,17,5,9,0.6443493569636842,0.0,0.0,0.0,False
934,sp_sp4,sp,4.62,6,6,5,0.9683514680388309,0.0,0.0,0.0,False
935,er_n7_p0.45,er,28.05,10,7,27,0.0084406276885134,0.49999999999999994,0.14588389355836384,0.10083530325010925,True
936,mesh_2x5,mesh,18.58,16,10,26,0.9997515617472426,0.5372008177779709,0.22714301303439677,0.13004229086856445,True
937,sp_sp3,sp,6.65,18,5,5,0.9916677626424274,0.0,0.0,0.0,True
938,er_n4_p0.44,er,12.18,13,4,4,0.9985969485367907,0.0,0.0,0.0,False
939,er_n10_p0.33,er,29.2,19,10,37,0.035277189835180064,0.07319250547113999,0.16586730615496695,0.1613743060918383,True
940,er_n12_p0.33,er,8.51,7,12,50,0.22544541015974878,0.42334475220649564,0.0813753935833403,0.081871792687426,True
941,sp_sp6,sp,11.26,5,8,9,0.9827756841049362,-0.3985266984930429,0.010056063255245343,0.05621510256191601,True
942,sp_sp2,sp,6.77,13,4,4,0.564852093040465,0.0,0.0,0.0,False
943,mesh_2x2,mesh,11.57,24,4,8,0.6391622686190165,0.0,0.0,0.0,True
944,sp_sp2,sp,44.43,13,4,3,0.9996884157931724,0.0,0.0,0.0,False
945,mesh_2x2,mesh,12.51,25,4,8,0.0,0.0,0.0,0.0,False
946,sp_sp6,sp,14.73,12,8,10,0.8892393393135432,0.0,0.0,0.0,False
947,mesh_3x4,mesh,30.65,24,12,34,0.21455074522960266,0.2607411032322766,0.14628180038955046,0.19999999999576443,True
948,sp_sp10,sp,15.92,13,12,16,0.9984735791338839,0.2317116246612596,0.16313885605053421,0.17141326810942376,True
949,er_n8_p0.33,er,14.23,12,8,27,0.04094039331818458,0.8406680016960504,0.29717627113229644,0.23570254663825285,True
950,mesh_3x3,mesh,21.9,22,9,24,0.9995173843894197,0.43037668342494384,0.14697872208865695,0.11829827966196972,True
951,sp_sp4,sp,15.0,12,6,7,0.8869173742565238,0.0,0.0,0.0,False
952,sp_sp5,sp,16.95,17,7,8,0.9883384729185126,0.0,0.0,0.0,False
953,mesh_3x2,mesh,3.77,16,6,14,0.0,0.0,0.0,0.0,False
954,er_n9_p0.44,er,3.13,15,9,32,0.18747372684270647,0.8288624656799143,0.25567210462533924,0.12550350243213926,True
955,sp_sp2,sp,20.95,7,4,3,0.9585979938996172,0.0,0.0,0.0,False
956,sp_sp4,sp,22.64,19,6,7,0.9995202973229007,-0.19999999999999998,0.20833333333147538,0.24999999999711847,True
957,sp_sp5,sp,4.41,17,7,10,0.0,0.0,0.0,0.0,False
958,er_n5_p0.43,er,19.71,20,5,7,0.901998037656041,0.0,0.0,0.0,False
959,mesh_3x4,mesh,11.4,18,12,34,0.0,0.0,0.0,0.0,False
960,mesh_2x2,mesh,14.28,15,4,8,0.21314209044551335,0.0,0.0,0.0,True
961,mesh_2x4,mesh,9.32,23,8,20,0.9845766147523309,0.5949130765308921,0.29074520555036587,0.2831851336692548,True
962,sp_sp6,sp,2.17,20,8,10,0.9997572319444817,0.0,0.0,0.0,False
963,mesh_2x3,mesh,14.91,23,6,14,0.15610897836464216,0.5773502691896257,0.20833333333322915,0.249999999999875,True
964,mesh_2x3,mesh,15.48,20,6,14,0.9936717474900802,0.9486832980505139,0.2336278850309367,0.07770989491421712,True
965,sp_sp2,sp,5.13,17,4,5,0.0,0.0,0.0,0.0,False
966,mesh_3x3,mesh,7.49,20,9,24,0.0,0.0,0.0,0.0,False
967,er_n4_p0.44,er,8.85,15,4,4,0.8922024259329464,0.0,0.0,0.0,False
968,er_n6_p0.44,er,11.28,13,6,15,0.80428121820515,0.10540925533894598,0.1455715334868549,0.06991905705095738,True
969,er_n11_p0.33,er,20.58,16,11,33,0.999994691478924,0.23431167445160245,0.21546077860442794,0.1634164556304914,True
970,sp_sp8,sp,6.19,9,10,14,0.0,0.0,0.0,0.0,False
971,mesh_3x3,mesh,0.86,24,9,24,0.0,0.0,0.0,0.0,False
972,mesh_3x3,mesh,6.71,24,9,24,0.9124886353215435,0.32025630761017426,0.3333333333330017,0.22587701491471346,True
973,er_n6_p0.44,er,14.02,20,6,13,0.999246456284051,0.7745966692414834,0.027190909426843223,0.035322027473472,True
974,er_n6_p0.37,er,20.66,6,6,13,0.7046964396755991,0.0,0.0,0.0,False
975,er_n9_p0.42,er,12.12,11,9,29,0.11284969642851672,0.21428571428571433,0.10521098529584609,0.22591123254642564,True
976,er_n4_p0.44,er,14.8,7,4,7,0.03805505960671902,0.0,0.0,0.0,True
977,er_n7_p0.4,er,18.45,13,5,8,0.9989260073344907,-0.5,0.22449416032840988,0.23629280036440442,True
978,sp_sp4,sp,1.76,13,6,9,0.0,0.0,0.0,0.0,False
979,sp_sp6,sp,28.52,20,8,10,0.9999997529697828,-0.5393598899705937,0.0,0.09769395609207589,True
980,sp_sp2,sp,4.37,20,4,4,0.0,0.0,0.0,0.0,False
981,mesh_2x5,mesh,12.5,17,10,26,0.7495274027281853,-0.4606145200872335,0.150311526479278,0.21650635094517895,True
982,er_n7_p0.38,er,7.62,16,7,17,0.23992528502756072,0.0,0.0,0.0,False
983,er_n8_p0.42,er,14.21,5,8,24,0.5377210591039432,0.0,0.0,0.0,False
984,sp_sp7,sp,4.28,15,9,11,0.0,0.0,0.0,0.0,False
985,sp_sp5,sp,33.73,12,7,7,0.9999999493305515,0.0,0.0,0.0,False
986,sp_sp8,sp,11.26,11,10,12,0.0,0.0,0.0,0.0,False
987,sp_sp2,sp,4.62,18,4,4,0.0,0.0,0.0,0.0,False
988,sp_sp8,sp,22.96,10,10,13,0.99669378318048,0.0,0.0,0.0,False
989,er_n11_p0.32,er,21.7,19,11,37,0.1323651566547925,0.33333333333333337,0.13813023711427944,0.07191840515906392,True
990,mesh_3x2,mesh,13.66,23,6,14,0.18405157959334986,0.632455532033676,0.2145661707432649,0.07487738926597724,True
991,mesh_3x3,mesh,22.73,18,9,24,0.7665281943386617,0.3113995776646092,0.3333333333326801,0.22587697572565218,True
992,mesh_2x2,mesh,3.94,16,4,8,0.0,0.0,0.0,0.0,False
993,mesh_2x2,mesh,14.09,21,4,8,0.0,0.0,0.0,0.0,False
994,sp_sp5,sp,25.7,8,7,8,0.9892497573279562,0.0,0.0,0.0,False
995,mesh_3x3,mesh,6.16,23,9,24,0.0,0.0,0.0,0.0,False
996,er_n10_p0.38,er,16.91,6,10,31,0.3908524592596049,0.5000000000000001,0.14538092344366788,0.06895246887551246,True
997,sp_sp7,sp,35.98,14,9,11,0.9999973322312644,0.0,0.0,0.0,False
998,sp_sp8,sp,3.65,16,10,14,0.0,0.0,0.0,0.0,False
999,er_n12_p0.38,er,2.52,20,12,49,0.9887268443508535,0.21884599572482327,0.1380376616993484,0.09615836489440857,True
